CandidateName,Incumbent,Withdrawn,Party,Office,District,Race,Gender,Website,Twitter,Facebook,Instagram,YouTube,TikTok,BlueSky,Notes
Gil Cisneros,Yes,,Democrat,House,31,Hispanic,Male,,,,,,,,N/A
Eric Ching,,,Republican,House,31,Asian,Male,https://www.ericchingforcongress.com/,99,https://www.facebook.com/ericchingforcongress/,https://www.instagram.com/ericching4congress,99,99,99,"He has other social media accounts, but they haven't been updated since his 2024 run."
Erskine Levi,,,Republican,House,31,White,Male,https://www.levi4congress.com/,https://x.com/ErskineLevi,https://www.facebook.com/people/Erskine-Levi-for-Congress/100077873283952/,99,99,99,99,N/A
Brad Sherman,Yes,,Democrat,House,32,White,Male,,,,,,,,N/A
Christopher Ahuja,,,Democrat,House,32,Asian,Male,https://www.chrisahuja.com/,https://x.com/chrisahuja,https://www.facebook.com/people/Christopher-Ahuja-for-Congress/61555756018777/,https://www.instagram.com/amanknowshistools,https://www.youtube.com/@christopherahuja/,https://www.tiktok.com/@chrisahujacongress,https://bsky.app/profile/chrisahuja.bsky.social,N/A
Dory Benami,,,Democrat,House,32,Middle Eastern,Male,https://www.doryforcongress.com/,https://x.com/DoryForCongress,https://www.youtube.com/@dorybenami,https://www.instagram.com/dorybenami,https://www.youtube.com/@dorybenami,https://www.tiktok.com/@doryforcongress,99,N/A
Jake Levine,,,Democrat,House,32,White,Male,https://www.jakelevineforcongress.com/,https://x.com/jakeclevine,https://www.facebook.com/jakelevine4congress,https://www.instagram.com/jakelevine4congress/,https://www.youtube.com/channel/UCVukc_dCs6O8EfVXwt47_KQ,https://www.tiktok.com/@jakelevine4congress,99,N/A
Marena Lin,,,Democrat,House,32,Asian,Female,https://www.marenalinforcongress.com/,99,https://www.facebook.com/people/Marena-Lin-for-Congress/61578553630663/,https://www.youtube.com/channel/UCqvOzT-vlzq8GVrO4YjxzWg,https://www.youtube.com/channel/UCqvOzT-vlzq8GVrO4YjxzWg,99,https://bsky.app/profile/marenalinforcongress.com,N/A
Josh Sautter,,,Democrat,House,32,White,Male,https://joshsautterforcongress.com/,https://x.com/josh4CA32,99,https://www.instagram.com/joshsautterforcongress/,99,https://www.tiktok.com/@joshsautterforcongress,https://bsky.app/profile/sautterforcongress.bsky.social,N/A
Anna Wilding,,,Democrat,House,32,White,Female,https://www.wildingforcalifornia.com/,https://x.com/annawilding,https://www.larrythompsonforcongress.com/,https://www.instagram.com/annawildingoriginal/,https://www.youtube.com/@annawilding_unstoppable,https://www.tiktok.com/@annawilding,https://bsky.app/profile/awilding.bsky.social,"This is an interesting case, because that IS a Facebook page and categorized as such, but it's primarily used as a photography page. I'm going to follow the precedent set by other accounts and still list it because there is campaign material on it."
Larry Thompson,,,Republican,House,32,White,Male,https://www.larrythompsonforcongress.com/,https://x.com/LarryCongress,https://www.facebook.com/LarryThompsonForCongress/,https://www.instagram.com/larrythompsonforcongress32/,https://www.youtube.com/@larrythompson2847/,https://www.tiktok.com/@larrythompsonforcongress,99,Apparently Anna stole this guy's website design and generated everything she didn't steal with some slop machine.
Douglas Smith,,,Independent,House,32,White,Male,https://dougsmithforcongress.com/,99,99,99,99,99,99,N/A
Pete Aguilar,Yes,,Democrat,House,33,Hispanic,Male,,,,,,,,N/A
Antonis Christodoulou,,,Democrat,House,33,White,Male,https://www.antonis4congress.com/,https://x.com/AntonisPC4,99,https://www.instagram.com/antonis4congress/?hl=en,https://www.youtube.com/@AntonisforCongress,https://www.tiktok.com/,99,N/A
Tom Herman,,,Republican,House,33,White,Male,https://www.tomhermancongress.com/,99,99,99,99,99,99,"He has other social media accounts, but they haven't been updated since his 2024 run."
Ernest Richter,,,Republican,House,33,White,Male,https://www.ernestrichter4congress.com/,99,99,99,99,99,99,N/A
Stephanie Vargas,,,Republican,House,33,Hispanic,Female,https://www.stephanievargas4congress.com/,99,https://www.facebook.com/StephanieVargas4Congress/,https://www.instagram.com/stephanievargas4congress,99,99,99,N/A
Eugene Weems,,,Republican,House,33,Black,Male,https://eugeneweems.com/,https://x.com/weems4congress,https://www.facebook.com/p/Eugene-Weems-for-US-Congress-100063778267221/,https://www.instagram.com/eugeneweems4congress/,https://www.youtube.com/watch?v=ON_q6Ru2oCw,https://www.tiktok.com/@vg4vp.org,99,N/A
Ling Ling Shi,,,Independent,House,33,Asian,Female,99,99,https://www.facebook.com/linglingshi2026,https://www.instagram.com/linglingshi2026/,99,99,99,I love when cult leaders run for Congress.
Jimm Gomez,Yes,,Democrat,House,34,Hispanic,Male,,,,,,,,N/A
Arthur Dixon,,,Democrat,House,34,Black,Male,https://arthurdixonforcongress.com/,https://x.com/arthurdixonca,https://www.facebook.com/Arthur4Congress/,https://www.instagram.com/arthur4congress/,99,https://www.tiktok.com/@arthur4congress,99,N/A
Angela Gonzales-Torres,,,Democrat,House,34,Hispanic,Female,https://www.angela4congress.com/,https://x.com/angela4ca,https://www.facebook.com/people/Angela-Gonzales-Torres/61575225022271/?sk,https://www.instagram.com/angela4congress,99,https://www.tiktok.com/@angela4ca,99,N/A
Robert Lucero,,,Democrat,House,34,Hispanic,Male,https://www.luceroforcongress.com/,https://x.com/lucero4congress,https://www.facebook.com/luceroforcongress,https://www.instagram.com/luceroforcongress,https://www.youtube.com/@RobLuceroforCongress,https://www.tiktok.com/@lucero4congress,99,N/A
Calvin Lee,,,Republican,House,34,Asian,Male,99,99,99,99,99,99,99,N/A
Loren Colin,,,Independent,House,34,White,Male,https://www.lorencolinforcongress.com/,https://x.com/LorenColin4CA34,https://www.facebook.com/people/Loren-Colin-for-Congress/61572631876638/,https://www.instagram.com/lorencolinforcongress/,https://www.youtube.com/@LorenColinforCongress,https://www.tiktok.com/@lorencolinforcongress,https://bsky.app/profile/loren4congressca34.bsky.social,N/A
Norma Torres,Yes,,Democrat,House,35,Hispanic,Female,,,,,,,,N/A
Mike Cargile,,,Republican,House,35,Hispanic,Male,https://www.cargileforcongress.com/,https://x.com/CargileForCA35,https://www.facebook.com/CargileForCongress,https://www.instagram.com/cargileforcongress/,https://www.youtube.com/channel/UCc9J8E_5HJZfUGaoFfLp8aw,99,99,N/A
Ted Lieu,Yes,,Democrat,House,36,Asian,Male,,,,,,,,N/A
Rustin Knudtson,,,Democrat,House,36,White,Male,https://www.rustinforcongress.com/,https://x.com/Rustin_Congress,,https://www.instagram.com/rustin4congress/,https://www.youtube.com/@rustin4congress,https://www.tiktok.com/@rustin4congress,99,N/A
Frederick Reardon,,,Democrat,House,36,White,Male,https://www.reardonforcongress.com/,99,99,99,99,99,99,N/A
Marianne Shamma,,,Democrat,House,36,White,Female,https://www.mariannehumanityfirst.com/,https://x.com/marianneca36,99,https://www.instagram.com/mariannehumanityfirst,,99,https://bsky.app/profile/marianne4humanity.bsky.social,N/A
Houston Brignano,,,Republican,House,36,White,Male,https://www.voteforhouston.com/,https://x.com/vote4houston,https://www.facebook.com/people/Houston-Brignano-for-Congress/61583938376787/,https://www.instagram.com/vote4houston/,99,99,99,N/A
Melissa Toomim,,,Republican,House,36,White,Female,https://toomim4congress.com/,https://x.com/MelissaToomim,99,99,99,99,99,"She has other social media accounts, but they haven't been updated since her 2024 run."
Claire Anderson,,,Independent,House,36,White,Female,https://voteclaire.com/,99,99,99,99,99,99,"She has other social media accounts, but they haven't been updated since her 2024 run."
Sydney Kamlager-Dove,Yes,,Democrat,House,37,Black,Female,,,,,,,,N/A
Ryan Duckett,,,Democrat,House,37,Black,Male,https://www.ryanduckettlacongress.com/,99,99,https://www.instagram.com/RyanDuckettLACongress,99,https://www.tiktok.com/@RyanDuckettLACongress,99,N/A
Elizabeth Fenner,,,Democrat,House,37,White,Female,https://elizabethfenner.com/,https://x.com/fenner4congress,https://www.facebook.com/people/Elizabeth-Fenner-For-US-Congress/61580442552637/,https://www.instagram.com/fenner4congress,https://www.youtube.com/@fenner4congress,99,99,N/A
Todd Lombardo,,,Democrat,House,37,White,Male,https://www.toddforcongress.us/,https://x.com/toddlombardo,https://www.facebook.com/people/Todd-Lombardo-for-Congress/61576896943377/,https://www.instagram.com/toddforcongress,99,https://www.tiktok.com/@toddforcongressca37,https://bsky.app/profile/toddicus.bsky.social,N/A
Samantha Mota,,,Democrat,House,37,Hispanic,Female,https://www.motaforcongress.com/,https://x.com/motaforcongress,99,https://www.instagram.com/motaforcongress,https://www.youtube.com/@samanthamotaforcongress,https://www.tiktok.com/@motaforcongress,99,N/A
Baltazar Fedalizo,,,Republican,House,37,Hispanic,Male,https://baltazarfedalizo.com/,99,99,99,99,99,99,"He has other social media accounts, but they haven't been updated since his 2022 run."
Steve Hill,,,Independent,House,37,Black,Male,https://www.stevehillforcongress.com/,,99,https://www.instagram.com/stevehillcomic_/,https://www.youtube.com/channel/UCYL3c2cnUwn4DJKu6LjEcpA,https://www.tiktok.com/@stevehillcomic,99,N/A
Juan Rey,,,Independent,House,37,Hispanic,Male,https://www.electjuanrey.com/,99,99,99,99,99,99,N/A
Erik Lutz,,,Democrat,House,38,Hispanic,Male,https://eriklutzforcongress.com/,99,99,99,99,99,99,N/A
Monica Sanchez,,,Democrat,House,38,Hispanic,Female,https://www.drmonicasanchez.com/,https://x.com/drmonicasanchez,https://www.facebook.com/drmonicasanchez4congress,https://www.instagram.com/councilwoman_drsanchez,99,99,99,N/A
Hilda Solis,,,Democrat,House,38,Hispanic,Female,https://www.hildasolis.com/,99,99,https://www.instagram.com/hildasolisforcongress/,99,99,99,N/A
Pedro Casas,,,Republican,House,38,Hispanic,Male,https://casasforcongress.com/,99,https://www.facebook.com/p/Casas-for-Congress-61554870819379/,https://www.instagram.com/casasforcongress/,99,99,99,N/A
Mark Takano,Yes,,Democrat,House,39,Asian,Male,,,,,,,,N/A
Steve Manos,,,Republican,House,39,Hispanic,Male,https://manosforcongress.com/,https://x.com/smanos1,https://www.facebook.com/manos4congress/,https://www.instagram.com/stevenjmanos/,99,99,99,N/A
Ken Calvert,Yes,,Republican,House,40,White,Male,,,,,,,,Current incumbent for the 41st.
Young Kim,Yes,,Republican,House,40,Asian,Female,,,,,,,,N/A
Francis Hoffman,,,Democrat,House,40,Not Sure,Male,99,99,99,99,99,99,99,N/A
Claude Keissieh,,,Democrat,House,40,Not Sure,Male,https://www.claudekeissiehforcongress.com/,99,99,https://www.instagram.com/claudeforcongress/,99,99,99,N/A
Joe Kerr,,,Democrat,House,40,White,Male,https://www.joekerrforcongress.com/,https://x.com/joekerrcongress,https://www.facebook.com/joekerrforcongress/,https://www.instagram.com/joekerrforcongress/,99,https://www.tiktok.com/@joekerrforcongress,https://bsky.app/profile/joekerrforcongress.bsky.social,N/A
Lisa Ramirez,,,Democrat,House,40,Hispanic,Female,https://lisaramirez.com/,https://x.com/Lisa_D_Ramirez,https://www.facebook.com/LisaDRamirez4US/,https://www.instagram.com/lisadramirez4us/,https://www.youtube.com/@LisaRamirezCA,https://www.tiktok.com/@lisadramirezforcongress,https://bsky.app/profile/lisaramirez.com,N/A
Esther Kim Varet,,,Democrat,House,40,Asian,Female,https://www.estherkimvaret.com/,https://x.com/estherkimvaret,https://www.facebook.com/people/Esther-Kim-Varet-for-Congress/61575302547546/,https://www.instagram.com/estherforcongress,https://www.youtube.com/channel/UCskW4s98s9XfWME1F7UXWjw,https://www.tiktok.com/@estherkimvaret,https://bsky.app/profile/estherkimvaret.bsky.social,N/A
Nina Linh,,,Independent,House,40,Asian,Female,https://ninalinhforcongress26.com/,https://x.com/ninalinhforca,99,https://www.instagram.com/ninalinhca40,https://www.youtube.com/@NinaLinhCA40,https://www.tiktok.com/@ninalinhforca,99,N/A
Linda Sánchez,Yes,,Democrat,House,41,Hispanic,Female,,,,,,,,Current incumbent for the 38th.
Hector De La Torre,,,Democrat,House,41,Hispanic,Male,https://www.hectordelatorreforcongress.com/,99,https://www.facebook.com/people/Hector-De-La-Torre-for-Congress/61576464536704/,https://www.instagram.com/HectorDeLaTorreforCongress,99,https://www.tiktok.com/@DeLaTorreCongress,https://bsky.app/profile/hectordelatorre.bsky.social,N/A
Shonique Williams,,,Democrat,House,41,Black,Female,https://shoniqueforcongress.com/,https://x.com/ShoniqueForCA41,https://www.facebook.com/ShoniqueWilliams4Congress,https://www.instagram.com/shoniquewilliamsforcongress/,https://www.youtube.com/@ShoniqueWilliamsForCongress,https://www.tiktok.com/@shonique.williams,https://bsky.app/profile/shoniquewilliams.bsky.social,N/A
Mitch Clemmons,,,Republican,House,41,White,Male,http://electmitchclemmons.com/,99,https://www.facebook.com/mitchforcongress#,https://www.instagram.com/clemmonsmitch/,99,99,99,N/A
Robert Garcia,Yes,,Democrat,House,42,Hispanic,Male,,,,,,,,N/A
Noah Blom,,,Republican,House,42,Hispanic,Male,99,99,99,https://www.instagram.com/noahfornewport/,99,99,99,N/A
Brian Burley,,,Republican,House,42,Hispanic,Male,https://www.burley4congress.com/,99,https://www.facebook.com/BrianJBurley/,https://www.instagram.com/brianjburley/,99,99,99,N/A
Lonh Pham,,,Republican,House,42,Asian,Male,https://www.phamforcongress.com/,99,99,99,99,99,99,N/A
Larisa Vermeulen,,,Independent,House,42,White,Female,https://www.larisav4congresscal42.com/,99,99,99,99,99,99,N/A
Maxine Waters,Yes,,Democrat,House,43,Black,Female,,,,,,,,N/A
Myla Rahman,,,Democrat,House,43,Black,Female,https://www.mylaforcongress.com/,https://x.com/MylaForCongress,https://www.facebook.com/mylaforcongress,https://www.instagram.com/mylarahman/,99,99,99,N/A
David Sedlik,,,Democrat,House,43,White,Male,https://sedlikforcongress.com/,99,99,99,99,99,99,N/A
Cristian Morales,,,Republican,House,43,Hispanic,Male,99,99,99,99,99,99,99,N/A
Nanette Barragán,Yes,,Democrat,House,44,Hispanic,Female,,,,,,,,N/A
Genevieve Angel,,,Republican,House,44,Hispanic,Female,https://www.angelforcongress.com/,99,99,99,99,99,99,N/A
Derek Tran,Yes,,Democrat,House,45,Asian,Male,,,,,,,,N/A
Mark Leonard,,,Republican,House,45,White,Male,99,https://x.com/mkld910,99,99,99,99,99,N/A
Chi Charlie Nguyen,,,Republican,House,45,Asian,Male,https://www.charlieforcongress.com/,https://x.com/charlienguyenca,https://www.facebook.com/CharlieNguyenCA/,https://www.instagram.com/charlienguyenca,https://www.youtube.com/@charlienguyenca,99,99,N/A
Amy Phan West,,,Republican,House,45,Asian,Female,https://www.amyphanwest.com/,https://x.com/amyphanwest,https://www.facebook.com/AmyPhanWestForCA/,https://www.instagram.com/amyphanwest/,https://www.youtube.com/@amypwest,https://www.tiktok.com/@amyphanwest,99,N/A
Chuong Vo,,,Republican,House,45,Asian,Male,https://www.vo4congress.com/,https://x.com/Vo4congress,https://www.facebook.com/ChuongVoCerritos/,https://www.instagram.com/p/DWj9WoCkjeW/,99,https://www.tiktok.com/@vo4congress,99,N/A
Thomas Vo,,,Republican,House,45,Asian,Male,https://www.tomvoforcongress.com/,99,https://www.facebook.com/TomVoRealty/,99,https://www.youtube.com/@TomVoforCongress,https://www.tiktok.com/@tomvo4congress,99,N/A
Lou Correa,Yes,,Democrat,House,46,Hispanic,Male,,,,,,,,N/A
Francisco Bahena,,,Democrat,House,46,Hispanic,Male,https://frankbahenaforcongress.com/,99,https://www.facebook.com/people/Frank-Bahena-For-Congress/61586198536324/,https://www.instagram.com/VoteFrankBahena,https://www.youtube.com/@VoteFrankBahena,99,99,N/A
Christian Mendez,,,Democrat,House,46,Hispanic,Male,https://www.mendezforcongress.com/,https://x.com/CmzForCongress,99,https://www.instagram.com/the_cmz/,99,https://www.tiktok.com/@christian_mendez_ca46,https://bsky.app/profile/cmzforcongress.bsky.social,N/A
Armando Perez-Serrato,,,Democrat,House,46,Hispanic,Male,https://presidentmando.com/,https://x.com/presidentmando,99,99,99,99,99,N/A
David Pan,Yes,,Republican,House,46,Asian,Male,https://www.davidpan4congress.com/,https://x.com/davidpanforCA,https://www.facebook.com/davidpanforCA,https://www.instagram.com/davidpanforcongress/,99,https://www.tiktok.com/@david.pan.for.con,99,"He has other social media accounts, but they haven't been updated since his 2024 run."
Dave Min,,,Democrat,House,47,Asian,Male,,,,,,,,N/A
Hunter Miranda,,,Democrat,House,47,Other,Male,https://huntermiranda2026.com/,99,https://www.facebook.com/people/Hunter-Miranda-for-Congress/61577102705855/,https://www.instagram.com/huntermiranda2026,https://www.youtube.com/channel/UCO4rYHs21YU04E4BK1KmAJw,https://www.tiktok.com/@huntermiranda2026,https://bsky.app/profile/huntermiranda2026.bsky.social,He describes himself as Choctaw Indian
William Brough,,,Republican,House,47,White,Male,https://billbrough.org/,99,99,99,99,99,99,N/A
Christopher Gonzales,,,Republican,House,47,Hispanic,Male,99,99,99,99,99,99,99,"He has social media accounts, but they haven't been updated since his 2024 run."
Jenny Rae Le Roux,,,Republican,House,47,White,Female,https://jennyraeca.com/,https://x.com/JennyRaeCA,99,https://www.instagram.com/jennyraeca/,99,https://www.tiktok.com/@jennyraeca,99,N/A
Michael Maxsenti,,,Republican,House,47,White,Male,https://maxsentiforcongress.com/,https://x.com/Maxsenti47,https://www.facebook.com/MaxsentiforCongress/,https://www.instagram.com/maxsentiforcongress/,https://www.youtube.com/@MaxsentiForCongress,https://www.tiktok.com/@maxsentiforcongress,99,N/A
Derrick Michael Reid,,,Libertarian,House,47,White,Male,https://dmrcommentary.com/,https://x.com/DerrickMReid,99,99,99,99,99,"He is also running for President. And he is absolutely insane. His personal Facebook page is accepting applications for a ""First Lady"": must be ""born in the USA, has no tattoos or piercings, does not smoke, drink or use, and is 35 to 55 years old, caucasian, Christian, mature, attractive, curvy and polished for hosting White House events."""
Jesus Patino,,,Independent,House,47,Hispanic,Male,https://www.votejesuspatino.org/,99,99,https://www.instagram.com/votejesuspatino/,https://www.youtube.com/@votejesuspatino,https://www.tiktok.com/@jesus.patino0,99,"Extremely weird, campaigns only in comedy skits and has no ideas: but actually kind of charming and self-aware."
Eric Troutman,,,Independent,House,47,White,Male,https://troutmanforamerica.com/,99,https://www.facebook.com/people/Troutman-For-America/61587292588916/#,https://www.instagram.com/troutmanforamerica/,https://www.youtube.com/@TroutmanforAmerica,https://www.tiktok.com/@troutmanforamerica,99,Is there something in the water in the 47th? Why are so many of the candidates here insane
Ammar Campa-Najjar,,,Democrat,House,48,Mixed,Male,https://www.ammarforcongress.com/,https://x.com/ACampaNajjar,https://www.facebook.com/CampaNajjar,https://www.instagram.com/ammar4ca,https://www.youtube.com/@AmmarforCongress,99,https://bsky.app/profile/ammarcampanajjar.bsky.social,N/A
Abel Chavez,,,Democrat,House,48,Hispanic,Male,https://www.abelchavezforcongress.com/,https://x.com/Abel4Congress,https://www.facebook.com/abelchavez4congress,https://www.instagram.com/abelchavez4congress/,https://www.youtube.com/@AbelChavezForCongress,https://www.tiktok.com/@abelchavez4congress,https://bsky.app/profile/chavez4congress.bsky.social,N/A
Stephen Clemons,,,Democrat,House,48,White,Male,https://www.clemons48.com/,https://x.com/srclemons48,https://www.facebook.com/StephenClemonsforCongress/,https://www.instagram.com/stephenclemons4congress/,99,99,99,N/A
Corinna Contreras,,,Democrat,House,48,Hispanic,Female,https://www.contreras4congress.com/,https://x.com/Contreras4CA48,https://www.facebook.com/contreras4congress,https://www.instagram.com/contreras4congress,https://www.youtube.com/@Contreras4Congress,https://www.tiktok.com/@contreras4ca48,https://bsky.app/profile/contreras4congress.bsky.social,N/A
Ferguson Porter,,,Democrat,House,48,White,Male,https://voteporterforcongress.com/,99,99,https://www.instagram.com/fergusondaltonporter/,https://www.youtube.com/@FergusonPorterForCongress,https://www.tiktok.com/@ferguson.porter.for.ca?lang=en,https://bsky.app/profile/fergusonporter.bsky.social,N/A
Brandon Riker,,,Democrat,House,48,White,Male,https://rikerforcongress.com/,https://x.com/Riker4Congress,https://www.facebook.com/people/Riker-for-Congress/61574654262563/,https://www.instagram.com/rikerforcongress/,https://www.youtube.com/@RikerForCongress,99,https://bsky.app/profile/rikerforcongress.bsky.social,N/A
Mike Schaefer,,,Democrat,House,48,White,Male,https://mikefightsforus.com/,99,99,99,99,99,99,He has run for over 30 offices since the 60s. He won a city council race in 66 and didn't win again until 2018.I love this guy. 
Eric Shaw,,,Democrat,House,48,Not Sure,Male,https://ericshawforcongress.com/,https://x.com/EricShawCA48,99,99,https://www.youtube.com/@EricShawCA48,99,99,His Twitter account is private for some reason.
Marni von Wilpert,,,Democrat,House,48,White,Female,https://www.marnivonwilpert.com/,https://x.com/marnivonwilpert,https://www.facebook.com/marniforcongress,https://www.instagram.com/marni_von_wilpert/,https://www.youtube.com/channel/UCcvFmEdnukQoCCTeBpcTMBA,https://www.tiktok.com/@marni_von_wilpert,https://bsky.app/profile/marnivonwilpert.bsky.social,N/A
Jim Desmond,,,Republican,House,48,White,Male,https://www.desmondforcongress.com/,https://x.com/JimDesmondSD,https://www.facebook.com/DesmondForCongress/,https://www.instagram.com/desmondforcongress/,https://www.youtube.com/@DesmondForCongress,99,99,N/A
Kevin O'Neil,,,Republican,House,48,White,Male,https://kevinoneilforcongress.com/,99,https://www.facebook.com/people/Human-Digital-Liberty/100076989278423/#,99,99,https://www.tiktok.com/@kevinoneilforcongress,99,N/A
Luis Reyna,,,Independent,House,48,Hispanic,Male,99,99,99,https://www.instagram.com/mrsleepingdragon/,99,99,99,N/A
Mike Levin,Yes,,Democrat,House,49,White,Male,,,,,,,,N/A
Armen Kurdian,,,Republican,House,49,Middle Eastern,Male,https://kurdianforcongress.com/,https://x.com/ArmenKurdian,https://www.facebook.com/KurdianforCongress,https://www.instagram.com/kurdianforcongress,99,99,99,N/A
Star Parker,,,Republican,House,49,Black,Female,https://electstarparker.com/,https://x.com/ElectStarParker,https://www.facebook.com/starparker49/,99,https://www.youtube.com/@StarParkerUSA/,99,99,N/A
Scott Peters,Yes,,Democrat,House,50,White,Male,,,,,,,,N/A
Tim Arnous,,,Democrat,House,50,Middle Eastern,Male,https://www.timforsandiego.com/,https://x.com/TimArnous,99,https://www.instagram.com/timarnousforcongress/,99,99,99,N/A
Aishwarya Mitra,,,Democrat,House,50,Asian,Female,https://www.sparkymitra.com/,https://x.com/sparkymitra,99,https://www.instagram.com/andwespeak/,99,https://www.tiktok.com/@sparkyforcongress,99,N/A
Steve Cohen,,,Republican,House,50,White,Male,https://cohenforcongressca50.com/,https://x.com/scohenCA50,99,https://www.instagram.com/cohen_for_congress,99,99,99,N/A
Joseph Shea,,,Libertarian,House,50,White,Male,https://joeshea50.com/,99,99,99,99,99,99,N/A
Lucinda Jahn,,,Independent,House,50,White,Female,https://lucindakwhjahn.com/index.html,https://x.com/lucindakwhjahn,99,https://www.instagram.com/lucindakwhjahn/,99,99,99,N/A
Sara Jacobs,Yes,,Democrat,House,51,White,Female,,,,,,,,N/A
Stan Caplan,,,Democrat,House,51,White,Male,https://www.caplanforcongress.com/,99,99,99,99,99,99,"He has social media accounts, but they haven't been updated since his 2024 run."
David Engel,,,Democrat,House,51,Not Sure,Male,99,99,99,99,99,99,99,N/A
Ricardo Cabrera,,,Republican,House,51,Hispanic,Male,https://www.cabreraforcongress2026.com/,https://x.com/Cabrera4CA51,99,99,99,99,99,N/A
Juan Vargas,Yes,,Democrat,House,52,Hispanic,Male,,,,,,,,N/A
Deborah Calhoun Rhodes,,,Democrat,House,52,Not Sure,Female,99,99,99,99,99,99,99,N/A
Jeff Belle,,,Republican,House,52,Hispanic,Male,99,99,99,https://www.instagram.com/royalbelleequitypartners/,99,99,99,
James Brock,,,Democrat,House,1,White,Male,https://jamesbrockforcongress.com/,99,99,99,99,99,99,N/A
Audrey Denney,,,Democrat,House,1,White,Female,https://audreyforcongress.com/,https://x.com/audreydenney,https://www.facebook.com/audreyforcongress,https://www.instagram.com/audreyforcongress/,https://www.youtube.com/@audreyforcongress,https://www.tiktok.com/@audreyforcongress,https://bsky.app/profile/audreyforcongress.bsky.social,N/A
Mike McGuire,,,Democrat,House,1,White,Male,https://www.votemikemcguire.com/,https://x.com/ilike_mike,https://www.facebook.com/SenatorMikeMcGuire,https://www.instagram.com/mcguireforca/,99,99,99,"First ever Congressional campaign to include the words ""Gertrude the Wonder Pug"" in the logline. May be the incumbent by the primary because of a special election."
James Salegui,,Yes,Democrat,House,1,White,Male,https://www.jim4ca.com/,99,99,https://www.instagram.com/jim.4.ca/,https://www.youtube.com/@Jim4Cali,https://www.tiktok.com/@jim4ca,https://bsky.app/profile/jim4ca.bsky.social,N/A
Casey Stewart,,,Democrat,House,1,Not Sure,Not sure,99,99,99,99,99,99,99,N/A
Kyle Wilson,,Yes,Democrat,House,1,White,Male,https://kyle4congress.org/,99,https://www.facebook.com/people/Kyle-for-Congress/61578053600610/,https://www.instagram.com/kyle_for_congress,https://www.youtube.com/@Kyle4Congress,https://www.tiktok.com/@kyle4congressd1,99,N/A
James Gallagher,,,Republican,House,1,White,Male,https://electjamesgallagher.com/,https://x.com/J_Gallagher4CA,https://www.facebook.com/JamesGallagherforCA/,https://www.instagram.com/jamesgallagherca/,99,99,99,N/A
Angelita Valles,,,Republican,House,1,Hispanic,Female,https://angelitavalles4congress.com/,99,99,99,99,99,99,N/A
Jared Huffman,Yes,,Democrat,House,2,White,Male,,,,,,,,N/A
Kevin Eisele,,,Democrat,House,2,White,Male,https://www.kevineisele.com/,99,99,https://www.instagram.com/kevinforuscongress/,https://www.youtube.com/@kevinforuscongress-2026/,99,99,N/A
Rose Penelope Yee,,,Democrat,House,2,Asian,Female,https://roseforcongress.com/,https://x.com/Rose4Congress26,https://www.facebook.com/rose4congress,https://www.instagram.com/rose_for_congress,https://www.youtube.com/@RoseForCongress,https://www.tiktok.com/@roseforcongress,https://bsky.app/profile/roseforcongress.bsky.social,N/A
Robin Littau,,,Republican,House,2,White,Female,https://www.littauforcongress.com/,99,https://www.facebook.com/people/Littau-For-Congress/61587476335757/,99,https://www.youtube.com/@robinlittau2640,99,99,Okay nobody is allowed to run for Congress until everybody goes to website school.
Paul Saulsbury,,,Republican,House,2,White,Male,https://paulsaulsbury.com/,https://x.com/paulsaulsburyca,https://www.facebook.com/PaulSaulsburyCA02,https://www.instagram.com/paulsaulsburyca,,https://www.tiktok.com/@paulsaulsburyca,99,N/A
Gregory Burgess,,,Independent,House,2,White,Male,https://www.vote-roar.com/,99,99,99,99,99,99,N/A
Cody Poludniak,,,Independent,House,2,Not Sure,Male,99,99,99,99,99,99,99,N/A
Colby Smart,,Yes,Independent,House,2,White,Male,https://www.colbysmart.com/,99,https://www.facebook.com/votecolbysmart,https://www.instagram.com/colbyjsmart/,https://www.youtube.com/@votecolbysmart,https://www.tiktok.com/@colbyjsmart,99,N/A
Ami Bera,Yes,,Democrat,House,3,Asian,Male,,,,,,,,N/A
Chris Bennett,,,Democrat,House,3,White,Male,https://www.bennettforca.com/,https://x.com/BennettForCA,https://www.facebook.com/BennettForCA,https://www.instagram.com/bennettforca,https://www.youtube.com/@BennettForCA,https://www.tiktok.com/@bennettforca,https://bsky.app/profile/bennettforca.bsky.social,N/A
Pacey Cervantes,,,Democrat,House,3,Hispanic,Male,https://cervantesforcongress.com/,https://x.com/paceycervantes,https://www.facebook.com/PaceyCervantes916/,https://www.instagram.com/paceycervantes916,99,https://www.tiktok.com/@paceycervantes,99,N/A
Heidi Hall ,,,Democrat,House,3,White,Female,https://www.heidihall.com/,https://x.com/heidi4congress,https://www.facebook.com/Heidi4Congress/,https://www.instagram.com/heidi4congress,https://www.youtube.com/channel/UCrAWvvx45MTk5MuQkjDncig,99,https://bsky.app/profile/heidi4congress.bsky.social,N/A
Doug Huhn,,,Democrat,House,3,White,Male,https://trademarksocial.wixsite.com/dougforcongress,https://x.com/dougforca3,https://www.facebook.com/citizensfordoug/,https://www.instagram.com/leftofamerica,https://www.youtube.com/@LeftofAmerica/,https://www.tiktok.com/@left.of.america,99,N/A
Robb Tucker,,,Republican,House,3,White,Male,https://robbtucker.com/,https://x.com/tucker_us,https://www.facebook.com/robbtuckerca,99,99,99,99,N/A
Mike Thompson,Yes,,Democrat,House,4,White,Male,,,,,,,,N/A
Eric Jones,,,Democrat,House,4,White,Male,https://www.ericjones.us/,https://x.com/ericjones_us,99,https://www.instagram.com/ericjones.us,https://www.youtube.com/@ericjones_us,https://www.tiktok.com/@ericjones.us,https://bsky.app/profile/ericjones-us.bsky.social,N/A
Trevor Merrell,,,Democrat,House,4,White,Male,https://trevormerrellforcongress.com/,https://x.com/TrevorForCA,https://www.facebook.com/TrevorForCA/,https://www.instagram.com/trevorforca,https://www.youtube.com/@trevorforca,https://www.tiktok.com/@trevorforca,https://bsky.app/profile/trevorforca.bsky.social,N/A
Sharon Brown,,,Republican,House,4,Not Sure,Female,99,99,99,99,99,99,99,N/A
Heath Fulkerson,,,Republican,House,4,White,Male,99,99,99,99,99,99,99,"This guy is also running for Senate in Nevada, President, and two other house seats in California (7 and 12)"
Mandy Ghusar,,,Republican,House,4,Not Sure,Female,99,99,99,99,99,99,99,N/A
Laurie MacKenzie,,,Republican,House,4,Not Sure,Female,99,99,99,99,99,99,99,N/A
Chuck Uribe,,,Republican,House,4,White,Male,99,99,99,https://www.instagram.com/chuckuribeforcongress2026/,99,99,99,N/A
John Wesley Tyler,,,Independent,House,4,White,Male,https://www.johntylerforcongress.com/,99,99,99,99,99,99,"He has other social media profiles, but they haven't been updated since his 2024 run."
Tom McClintock,Yes,,Republican,House,5,White,Male,,,,,,,,N/A
Mike Barkley,,,Democrat,House,5,White,Male,99,99,99,99,99,99,99,He has a website and social media but they haven't been updated since his 2024 run.
Paul Danbom,,Yes,Democrat,House,5,White,Male,https://danbomforcongress.com/,https://x.com/danbomforca5,https://www.facebook.com/PaulDanbomForCongress/,https://www.instagram.com/danbomforcongress,https://www.youtube.com/@pauldanbomforcongress,https://www.tiktok.com/@danbomforcongress,99,N/A
Michael Masuda,,,Democrat,House,5,Asian,Male,https://www.votemasuda.com/,https://x.com/VoteMasuda,https://www.facebook.com/votemasuda,https://www.instagram.com/VoteMasuda/#,99,https://www.tiktok.com/@votemasuda.com,https://bsky.app/profile/votemasuda.com,N/A
Angelina Sigala,,,Democrat,House,5,Hispanic,Female,https://angelinarsigala916.wixsite.com/forcongress,https://x.com/ca_sigala,https://www.facebook.com/AngelinaSigalaforUnitedStatesCongress/,https://www.instagram.com/angelinasigalaforcongress/,99,https://www.tiktok.com/@politicianangelinasigala,99,Also running in the 13th.
Kate Silis,,Yes,Democrat,House,5,White,Female,https://www.katesills.com/,https://x.com/kate_s4congress,https://www.facebook.com/katesillsforcongress/,https://www.instagram.com/katesillsforcongress/,99,https://www.tiktok.com/@katesillsforcongress,https://bsky.app/profile/katesillsforcongress.com,N/A
Jason Weland,,,Republican,House,5,White,Male,99,99,99,99,99,99,99,N/A
Lauren Babb Tomlinson,,,Democrat,House,6,Black,Female,https://www.lbtforcongress.com/,https://x.com/LBTforCongress,99,https://www.instagram.com/lbtforcongress,99,https://www.tiktok.com/@lbtforcongress,99,N/A
Thien Ho,,,Democrat,House,6,Asian,Male,https://www.thienhoca.com/,https://x.com/thienhoca,https://www.facebook.com/ThienHoforCa/,https://www.instagram.com/thienhoca,https://www.youtube.com/@ThienHoCA,99,99,N/A
Richard Pan,,,Democrat,House,6,Asian,Male,https://drpanforcongress.com/,https://x.com/DrPanMD,https://www.facebook.com/RichardPanMD,https://www.instagram.com/DrPanMD,https://www.youtube.com/@DrPanForCongress,https://www.tiktok.com/@david.pan.for.con,https://bsky.app/profile/drpanmd.bsky.social,N/A
Kindra Pring,,,Democrat,House,6,White,Female,99,99,99,99,99,99,https://bsky.app/profile/pringforcongress.bsky.social,N/A
Tyler Vandenberg,,,Democrat,House,6,White,Male,https://www.tv4ca.com/,99,https://www.facebook.com/tv4ca,https://www.instagram.com/tv4ca,https://www.youtube.com/@tv4ca,https://www.tiktok.com/@tv4ca,https://bsky.app/profile/tv4ca.com,N/A
Christine Bish,,,Republican,House,6,White,Female,https://bishforcongress.com/,https://x.com/BishForCongress,https://www.facebook.com/BishForCongress/,https://www.instagram.com/bishforcongress/,99,https://www.tiktok.com/@bish.for.congress,99,"She has other social media accounts, but they haven't been updated since her 2024 run."
Craig DeLuz,,,Republican,House,6,Hispanic,Male,https://www.craigdeluz.com/,99,https://www.facebook.com/craig.deluz,https://www.instagram.com/craigdeluz/,99,99,99,"He has other social media profiles, but they haven't been updated since his 2024 run."
Ray Riehle,,,Republican,House,6,White,Male,https://www.rayriehleforcongress.com/,https://x.com/RayRiehle,https://www.facebook.com/RayRiehleforCA,https://www.instagram.com/ray_riehle,99,99,99,"He has other social media profiles, but they haven't been updated since his 2024 run."
Michael Stansfield,,,Republican,House,6,Not Sure,Male,99,99,99,99,99,99,99,N/A
Kevin Kiley,Yes,,Independent,House,6,White,Male,,,,,,,,N/A
Doris Matusi,Yes,,Democrat,House,7,Asian,Female,,,,,,,,N/A
Erica Lee Carter,,Yes,Democrat,House,7,White,Female,https://www.ericaleecarter.com/,https://x.com/electericalee,https://www.facebook.com/p/Elect-Erica-Lee-61575890485589/,https://www.instagram.com/electericalee,https://www.youtube.com/@electericalee,https://www.tiktok.com/@electericalee,https://bsky.app/profile/electericalee.bsky.social,N/A
Robert Morin,,,Democrat,House,7,White,Male,https://www.robbymorin.com/,https://x.com/RobbyMorinX,https://www.facebook.com/people/Robby-Morin-for-Congress/61577845436752/,https://www.instagram.com/electrobbymorin/,https://www.youtube.com/@ElectRobertMorin,https://www.tiktok.com/@electrobbymorin,99,N/A
Enayat Nazhat,,,Democrat,House,7,Middle Eastern,Male,https://www.enayatforcongress.com/about,https://x.com/electenayat,99,99,99,https://www.tiktok.com/@enayatforcongress,99,N/A
Mai Veng,,,Democrat,House,7,Asian,Female,https://www.maiforus.com/,https://x.com/maiforus,https://www.facebook.com/MaiForUs,https://www.instagram.com/maiforus/,https://www.youtube.com/channel/UCnQC62sw1r3U1XF74j1nKfA,https://www.tiktok.com/@maiforus,https://bsky.app/profile/maiforus.bsky.social,N/A
Heath Fulkerson,,,Republican,House,7,White,Male,99,99,99,99,99,99,99,"This guy is also running for Senate in Nevada, President, and two other house seats in California (4 and 12)"
Kathryn Ming,,,Republican,House,7,White,Female,99,https://x.com/MingforCongress,99,99,99,99,99,N/A
John Garamendi,Yes,,Democrat,House,8,White,Male,,,,,,,,N/A
Nicolas Carjuzaa ,,,Democrat,House,8,White,Male,https://www.carjuzaaforcongress.org/,99,https://www.facebook.com/people/Nicolas-Carjuzaa/61580887147948/,https://www.instagram.com/carjuzaa_for_congress/,https://www.youtube.com/@CarjuzaaForCongress,https://www.tiktok.com/@nicolas.carjuzaa,99,N/A
Harinder Lamba,,,Democrat,House,8,Asian,Male,https://www.lambaforcongress.com/,https://x.com/lamba_hari,https://www.facebook.com/people/Lamba-for-Congress/61579164232026/,https://www.instagram.com/harilambaforcongress/,https://www.youtube.com/@LambaforCongress,https://www.tiktok.com/@lamba.for.congres,https://bsky.app/profile/rejuvenators.bsky.social,N/A
Aaron Rowden,,,Democrat,House,8,White,Male,https://www.rowden4congress.com/,99,https://www.facebook.com/rowden4congress/,https://www.instagram.com/rowden4congress/,99,99,99,N/A
Rudy Recile,,,Republican,House,8,Asian,Male,https://rudyforuscongress.com/,https://x.com/Rudy4USCongress,https://www.facebook.com/rudyforuscongress/,99,99,99,99,N/A
Josh Harder,Yes,,Democrat,House,9,White,Male,,,,,,,,N/A
John McBride,,,Republican,House,9,White,Male,https://www.johnmcbrideforcongress.com/,https://x.com/johnmcbrideca9,https://www.facebook.com/p/John-McBride-for-Congress-CA9-61550196448034/,https://www.instagram.com/johnmcbrideca9,https://www.youtube.com/@johnmcbrideforcongressca9,99,99,N/A
Jim Shoemaker,,,Republican,House,9,White,Male,https://voteshoemaker.com/,https://x.com/voteshoemaker,99,99,99,99,99,"He has other social media profiles, but they haven't been updated since his 2024 run."
Parminder Singh,,,Republican,House,9,Asian,Male,https://singh4congress.vote/,99,99,99,99,99,99,N/A
Mark DeSaulnier,Yes,,Democrat,House,10,White,Male,,,,,,,,N/A
Josh Hamilton,,,Democrat,House,10,White,Male,https://hamiltonforcongress.com/,https://x.com/JHCongress,https://www.facebook.com/JoshHamiltonForCongress,https://www.instagram.com/HamiltonForCongress,99,99,99,N/A
Mitchell Maisler,,,Democrat,House,10,White,Male,https://www.maislerforcongress.com/,99,https://www.facebook.com/people/Mitchell-Maisler-for-Congress/61582672597637/,https://www.instagram.com/maisler2026/,https://www.youtube.com/@MitchellMaislerforCongress,99,99,N/A
Jeffrey Frese,,,Republican,House,10,Not Sure,Male,https://freseforcongress.com/,99,99,99,99,99,99,N/A
Katherine Piccinini,,,Republican,House,10,White,Female,https://piccinini4congress.com/,https://x.com/piccinini4c,https://www.facebook.com/people/Piccinini4Congress/100081500550875/,https://www.instagram.com/piccinini4congress,99,https://www.tiktok.com/@piccinini4congress,99,N/A
Cole Bettles,,,Democrat,House,11,Not Sure,Male,99,99,99,99,99,99,99,N/A
Saikat Chakrabarti,,,Democrat,House,11,Asian,Male,https://www.saikat.us/en,https://x.com/saikatc,https://www.facebook.com/saikatforcongress,https://www.instagram.com/saikatforcongress,https://www.youtube.com/@saikatforcongress,https://www.tiktok.com/@saikatforcongress,https://bsky.app/profile/saikatforcongress.bsky.social,N/A
Connie Chan,,,Democrat,House,11,Asian,Female,https://www.conniechansf.com/,99,https://www.facebook.com/conniechansanfrancisco,https://www.instagram.com/connie_chan_sf,https://www.youtube.com/channel/UCU7n7Malxcwi7znqtWUDYJA,https://www.tiktok.com/@connie_chan,99,N/A
Omed Hamid,,,Democrat,House,11,Middle Eastern,Male,https://www.omedhamid.com/en,https://x.com/jawidana,https://www.facebook.com/people/Omed-for-Congress/61586219714641/,https://www.instagram.com/omedforcongress,https://www.youtube.com/channel/UC8j3sdL5KIJtLpSDZ5OxWLQ,99,https://bsky.app/profile/omedh.bsky.social,This guy's campaign consists entirely of AI-generated videos of giraffes.
Darren Helton,,,Democrat,House,11,White,Male,https://votehelton.com/,https://x.com/votehelton,https://www.facebook.com/votehelton/,https://www.instagram.com/votehelton/,99,99,99,N/A
Marie Hurabiell ,,,Democrat,House,11,White,Female,https://votemarie.com/,https://x.com/mhurabiell,99,https://www.instagram.com/mariehurabiell,99,99,99,N/A
Cherelle Jackson,,,Democrat,House,11,Black,Female,99,99,99,99,99,99,99,N/A
Daniel Wheeler,,Yes,Democrat,House,11,White,Male,https://danwheeler.vote/,https://x.com/danwheeler4sf,https://www.facebook.com/DanWheeler4Sf,https://www.instagram.com/danwheeler4sf,99,https://www.tiktok.com/@danwheelerforcongress,99,N/A
Scott Wiener,,,Democrat,House,11,White,Male,https://www.scottwiener.com/,https://x.com/Scott_Wiener,https://www.facebook.com/ScottWiener2,https://www.instagram.com/scott_wiener/,https://www.youtube.com/@scottwiener3007,https://www.tiktok.com/@scott_wiener,https://bsky.app/profile/scottwiener.bsky.social,N/A
Jingchao Xiong,,,Democrat,House,11,Asian,Male,https://sfbah.carrd.co/,https://x.com/Chuck61719664,99,https://www.instagram.com/chuck.hong.564/reels/,99,99,99,N/A
David Ganezer,,,Republican,House,11,White,Male,https://ganezerforcongress.com/,99,99,99,99,99,99,N/A
Lateefah Simon,Yes,,Democrat,House,12,Black,Female,,,,,,,,N/A
Jamie Joyce,,,Democrat,House,12,Not Sure,Not sure,99,99,99,99,99,99,99,N/A
Heath Fulkerson,,,Republican,House,12,White,Male,99,99,99,99,99,99,99,"This guy is also running for Senate in Nevada, President, and two other house seats in California (4 and 7)"
Adam Gray,Yes,,Democrat,House,13,White,Male,,,,,,,,N/A
Daniel Garibay Rodriguez,,,Democrat,House,13,Hispanic,Male,99,99,99,https://www.instagram.com/danielforcongress/,99,99,99,N/A
Angelina Sigala,,,Democrat,House,13,Hispanic,Female,https://angelinarsigala916.wixsite.com/forcongress,https://x.com/ca_sigala,https://www.facebook.com/AngelinaSigalaforUnitedStatesCongress/,https://www.instagram.com/angelinasigalaforcongress/,99,https://www.tiktok.com/@politicianangelinasigala,99,Also running in the 5th.
Vin Kruttiventi,,,Republican,House,13,Asian,Male,https://www.vin4congress.com/,https://x.com/vin4congress,https://www.facebook.com/vin4congress,https://www.instagram.com/vin4congress/,https://www.youtube.com/channel/UCcE516fRMcKRMWgTYToCH1Q,99,99,N/A
Kevin Lincoln II,,,Republican,House,13,Mixed,Male,https://www.kevinlincolnforcongress.com/,https://x.com/KevinLincolnCA,https://www.facebook.com/KevinLincolnCA,https://www.instagram.com/KevinLincolnCA,99,99,99,"He has other social media profiles, but they haven't been updated since his 2024 run."
Javier Lopez,,Yes,Republican,House,13,Hispanic,Male,https://www.javierforcongress.com/,https://x.com/Javier4Congress,https://www.facebook.com/people/Javier-for-Congress/61575021986118/,99,https://www.youtube.com/@JavierforCongress,99,99,N/A
Alberto Escobedo,,,Independent,House,13,Hispanic,Male,99,99,99,99,99,99,99,N/A
Victor Aguilar Jr.,,,Democrat,House,14,Hispanic,Male,https://www.victorforca14.com/,99,99,99,99,99,99,None of his social media accounts indicate he's running for Congress.
Carin Elam,,,Democrat,House,14,White,Female,https://www.carinforcongress.com/,99,https://www.facebook.com/people/carinforcongress/61585837149124/,https://www.instagram.com/carinforcongress/,99,99,https://bsky.app/profile/carinforcongress.bsky.social,N/A
Melissa Hernandez,,,Democrat,House,14,Hispanic,Female,https://melissahernandez2026.com/,https://x.com/VM_MelHernandez,https://www.facebook.com/MelissaHernandezForCongress/,https://www.instagram.com/melissahernandezvp/,99,99,99,N/A
Rakhi Israni,,,Democrat,House,14,Asian,Female,https://rakhiforcongress.com/,https://x.com/RakhiIsraniCA,https://www.facebook.com/RakhiIsraniCA,https://www.instagram.com/RakhiIsraniCA,https://www.youtube.com/channel/UCuSSDcGIE7nmr4x4Tb6XbFA,99,99,N/A
Matt Ortega,,,Democrat,House,14,Hispanic,Male,https://mattortega.com/,99,99,https://www.instagram.com/mattortegaforcongress,99,https://www.tiktok.com/@mattortegadotcom,https://bsky.app/profile/mattortega.com,N/A
Abrar Qadir,,Yes,Democrat,House,14,Asian,Male,https://aq4congress.com/,https://x.com/AQ4Congress2026,https://www.facebook.com/p/Abrar-Qadir-for-Congress-2026-61581828564872/,https://www.instagram.com/aq4congress/,https://www.youtube.com/@aq4congress,https://www.tiktok.com/@aq4congress2026,99,N/A
Aisha Wahab,,,Democrat,House,14,Middle Eastern,Female,https://www.aishawahab.com/,https://x.com/aishabbwahab,99,https://www.instagram.com/aishabbwahab/,https://www.youtube.com/@aishawahab8170,99,99,N/A
Wendy Huang,,,Republican,House,14,Asian,Female,https://www.wendyhuangforcongress.com/,https://x.com/WendyHuang2026,99,https://www.instagram.com/wendyhuangforcongress/,https://www.youtube.com/@WinWithWendy-j1x,99,99,N/A
Dena Maldonado,,,Republican,House,14,White,Female,https://www.denamaldonado.com/,99,99,99,99,99,99,N/A
Suzanne Chenault,,,Independent,House,14,White,Female,99,99,99,99,99,99,99,N/A
Kevin Mullin,Yes,,Democrat,House,15,White,Male,,,,,,,,N/A
Anthony Dang,,,Democrat,House,15,Asian,Male,https://www.dangforcongress.com/,99,https://www.facebook.com/people/Anthony-Dang-for-Congress/61588549898811/,99,99,99,99,N/A
Mantosh Kumar,,,Democrat,House,15,Asian,Male,https://mantosh.us/,https://x.com/mantoshforca15,99,https://www.instagram.com/mantoshforcongress/,https://www.youtube.com/@MantoshForCongress,https://www.tiktok.com/@mantoshforcongress?lang=en,https://bsky.app/profile/mantoshforcongress.bsky.social,N/A
Brian Tetrud,,,Democrat,House,15,White,Male,https://tetrud.com/,99,99,https://www.instagram.com/tetrud4congress/,https://www.youtube.com/@btetrud,99,99,N/A
Charles Hoelter,,,Republican,House,15,White,Male,https://www.hoelterforuscongress.com/,99,99,99,99,99,99,N/A
Anna Kramer,,,Republican,House,15,Asian,Female,99,https://x.com/annack4congress,https://www.facebook.com/ackramer4congress/,https://www.instagram.com/ackramer4congress/?hl=en,99,99,99,"She has other social media accounts, but they haven't been updated since her 2024 run."
Sam Liccardo,Yes,,Democrat,House,16,Hispanic,Male,,,,,,,,
Ro Khanna,Yes,,Democrat,House,17,Other,Male,,,,,,,,Indian
Zoe Lofgren,Yes,,Democrat,House,18,White,Female,,,,,,,,
Jimmy Panetta,Yes,,Democrat,House,19,White,Male,,,,,,,,
Vince Fong,Yes,,Republican,House,20,Asian,Male,,,,,,,,
Jim Costa,Yes,,Democrat,House,21,White,Male,,,,,,,,
David Valadao,Yes,,Republican,House,22,White,Male,,,,,,,,
Jay Obernolte,Yes,,Republican,House,23,White,Male,,,,,,,,
Salud Carbajal,Yes,,Democrat,House,24,Hispanic,Male,,,,,,,,
Raul Ruiz,Yes,,Democrat,House,25,Hispanic,Male,,,,,,,,
George Whitesides,Yes,,Democrat,House,27,White,Male,,,,,,,,
Judy Chu,Yes,,Democrat,House,28,Asian,Female,,,,,,,,
Luz Maria Rivas,Yes,,Democrat,House,29,Hispanic,Female,,,,,,,,
Laura Friedman,Yes,,Democrat,House,30,White,Female,,,,,,,,
Kevin Johnson,No,,Republican,House,16,Not sure,Not sure,99,99,99,99,99,99,99,
Peter Soule,No,,Republican,House,16,White,Male,https://souleforcongress.com/,99,99,99,99,99,99,
Jotham Stein,No,,No Party Preference,House,16,White,Male,https://votestein.com/,99,https://www.facebook.com/profile.php?id=61578660482259,https://www.instagram.com/stein4congress/,https://www.youtube.com/@JothamSteinForCongress,99,99,
Ethan Agarwal,No,,Democrat,House,17,Other,Male,https://www.ethan4congress.com/,https://x.com/EthanAgarwal,99,https://www.instagram.com/ethanagarwal,https://www.youtube.com/@AgarwalforCongress,https://www.tiktok.com/@ethanagarwal,99,Indian
Joe Dehn,No,,Libertarian,House,17,White,Male,https://dehn.votelibertarian.us/,https://x.com/dehn4congress,https://www.facebook.com/dehn4congress,99,99,99,99,
Mike Katz,No,,Democrat,House,17,White,Male,https://www.mikekatzforcongress.com/,https://x.com/MKatz4Congress,99,99,99,99,https://bsky.app/profile/mikekatz4congress.bsky.social,
Jennie Ha Phan,No,,Republican,House,17,Asian,Female,https://www.haphanforcongress2026.com/,99,99,99,99,99,99,
Ritesh Tandon,No,,Republican,House,17,Other,Male,https://www.tandonforcongress.com/,https://www.tandonforcongress.com/,https://www.facebook.com/TandonforCongress/,https://www.instagram.com/tandonforcongress/,https://www.youtube.com/@tandonforcongress,99,99,Indian
Luis Arreguin,No,,Democrat,House,18,Hispanic,Male,https://www.luisarreguinforcongress.com/,99,99,99,99,99,99,
Chris Demers,No,,No Party Preference,House,18,White,Male,https://www.demers4congress.com/,https://x.com/demers4congress,https://www.facebook.com/Demers4Congress/,https://www.instagram.com/demers4congress/,99,https://www.tiktok.com/@demers4congress,99,
Shane Lewis,No,,Republican,House,18,White,Male,https://shanelewisforcongress.com/,https://x.com/SLewis4Congress,https://www.facebook.com/profile.php?id=61581246745711,https://www.instagram.com/shanelewisforcongress/,99,99,99,
Ana Luz Acevedo-Cabrera,No,,No Party Preference,House,19,Not sure,Female,https://sites.google.com/view/analuzforcongress,99,99,https://www.instagram.com/lifesurfingchick/,99,99,99,instagram is personal but being used to campaign
Thomas Coxe,No,,No Party Preference,House,19,Not sure,Not sure,https://www.coxeforcongress.com/,99,99,99,99,99,99,only has a website with no picture
Sean Dougherty,No,,Democrat,House,19,White,Male,https://seanforcongress.org/,https://x.com/Sean4congress_,https://www.facebook.com/sean4congress/,https://www.instagram.com/sean4congress/,https://www.youtube.com/channel/UCtPru5T0fu82UQSJSIYZuuQ,https://www.tiktok.com/@sean4congress,99,
Tuka Gafari,No,,Republican,House,19,Not sure,Male,http://www.vote4tuka.com/,99,99,99,99,99,99,
Lars Mapstead,No,,Libertarian,House,19,White,Male,https://www.lars4ca.com/,https://x.com/LibertarianLars,99,https://www.instagram.com/legendarylars/,99,99,99,not sure if these count
Peter Coe Verbica,No,,Republican,House,19,White,Male,https://peterverbica.com/,99,https://www.facebook.com/p/Peter-Coe-Verbica-for-CD19-100078446973953/,https://www.instagram.com/peterverbica/,https://www.youtube.com/channel/UCms_9w3r9O_P477lrQmAD9Q,99,99,instagram may be personal but links campaign website
Ben Dewell,No,,No Party Preference,House,20,White,Male,https://bendewell.com/,https://x.com/ca20th,99,https://www.instagram.com/bendewellca20/,https://www.youtube.com/channel/UCL8wxIcf72u3-IjrKPA6FyQ,https://www.tiktok.com/@bendewell20,99,
Jeremy Fox,No,,No Party Preference,House,20,White,Male,https://www.jeremy4ca20.com/,https://x.com/jeremy4ca20,99,99,99,99,https://bsky.app/profile/jeremy4ca20.bsky.social,
Sandra Van Scotter,No,,Democrat,House,20,White,Female,https://www.sandra4cd20.com/,https://www.sandra4cd20.com/,https://www.facebook.com/SandraVanScotterCA20/,https://www.instagram.com/sandravanscotter4cd20/,99,99,https://bsky.app/profile/sandravanscotterforcongress.com,
Eric Garcia,No,,Democrat,House,21,Not sure,Male,ericgarciaforcongress.com,https://x.com/EricG1247,https://www.facebook.com/EricGarciaforCongress/,99,99,99,99,website doesnt work
Lourin Hubbard,No,,Democrat,House,21,Black,Male,https://www.lourinforcongress.com/,https://x.com/lourinhubbard,https://www.facebook.com/LourinHubbard/,https://www.instagram.com/lourin_hubbard/,99,https://www.tiktok.com/@lourinhubbard,99,
Kyle Kirkland,No,,Republican,House,21,White,Male,https://kirkland2026.com/,99,https://www.facebook.com/kirkland2026/,https://www.instagram.com/kirkland4congress/,99,99,99,second instagram for old campign: https://www.instagram.com/kirklandforca20/
Lance Kruse,No,,No Party Preference,House,21,Not sure,Not sure,99,99,99,99,99,99,99,nothing on this person
Lorenzo Rios,No,,Republican,House,21,Not sure,Male,https://www.riosforcongress.com/,https://x.com/RiosforCongress,https://www.facebook.com/LorenzoRiosCA/,https://www.instagram.com/RIOS4CONGRESS,https://www.youtube.com/channel/UCH_wW5AsuhV_YGMeqsmgEgA,https://www.tiktok.com/@riosforcongress,99,
Jasmeet Bains,No,,Democrat,House,22,Other,Female,https://www.drjasmeetbains.com/,https://x.com/drjasmeetbains,https://www.facebook.com/drjasmeetbains,https://www.instagram.com/drjasmeetbains,99,99,99,Indian
Randy Villegas,No,,Democrat,House,22,Hispanic,Male,https://www.villegasforcongress.com/,https://x.com/Villegas_CA22,https://www.facebook.com/VillegasforCongress,https://www.instagram.com/villegasforcongress,99,https://www.tiktok.com/@villegasforcongress,https://bsky.app/profile/villegas4congress.bsky.social,
Tessa Lynn Hodge,No,,Democrat,House,23,White,Female,https://tessaforca.com/,99,https://www.facebook.com/profile.php?id=61574790105613,https://www.instagram.com/tessaforca/,99,https://www.tiktok.com/@tessaforca,https://bsky.app/profile/tessalynnhodge.bsky.social,
Karen Matthews,No,,No Party Preference,House,23,White,Female,https://www.matthewsforcongress.com/,https://x.com/KarenMatthewsCA,https://www.facebook.com/Karenmatthewsforcongress,https://www.instagram.com/karenmatthewsforcongress/,https://www.youtube.com/channel/UC3DQ_aoai169w40LR1bKt_Q,https://www.tiktok.com/@karenmatthewsforcongress,https://bsky.app/profile/karenmatthewsca.bsky.social,
Karsten Scott Nicholson,No,,Democrat,House,23,White,Male,https://karsten26.com/,https://x.com/KarstenScott86,99,99,https://www.youtube.com/@karstennicholson3060,99,99,seem like personal accounts but were on the website
Eli Owens,No,,No Party Preference,House,23,White,Male,https://www.owensforus.com/,https://x.com/OwensForUS,99,https://www.instagram.com/owensforus/,99,99,99,
Pat Wallis,No,,Democrat,House,23,White,Male,https://www.patwallis.com/,99,https://www.facebook.com/ElectPatWallis,https://www.instagram.com/elect_pat_wallis/,99,99,99,
Sarah Bacon,No,,Democrat,House,24,Not sure,Female,https://www.sarahbacon.com/,https://x.com/thesarahbacon,https://www.facebook.com/SarahBaconForCongress,https://www.instagram.com/sarahbacon__,99,99,https://bsky.app/profile/sarahbacon.bsky.social,
Helena Pasquarella,No,,Peace and Freedom,House,24,Not sure,Female,https://www.pasquarellaforcongress.com/,99,99,https://www.instagram.com/pasquarella4congress,99,99,99,
Bob Smith,No,,Republican,House,24,White,Male,https://bobsmithforcongress.com/,https://x.com/bobsmith4usa,https://www.facebook.com/bobsmith4congress/,https://www.instagram.com/bobsmith4congress,https://www.youtube.com/@BobSmithforCongress,99,99,
Ceci Andrade Truman,No,,Republican,House,25,Not sure,Female,https://www.trumanforcongress.com/,https://x.com/CeciTruman/,https://www.facebook.com/CeciTrumanForCongress/,https://www.instagram.com/ceci.truman.for.congress/,https://www.youtube.com/@CeciTrumanForCongress,99,99,
Ronald Huffman,No,,Republican,House,25,White,Male,https://ronaldhuffmanforcongress.com/,https://x.com/Scruffeman,https://www.facebook.com/people/Ronald-Huffman-for-Congress/61585285160175/,99,99,99,99,
Joe Males,No,,Republican,House,25,Not sure,Male,https://joemalesforca.com/,https://x.com/JoeMalesforCA,https://www.facebook.com/JoeMalesforCA,https://www.instagram.com/joemalesforca/,99,99,99,
Chris Espinosa,No,,Democrat,House,26,Hispanic,Male,https://www.espinosaforcongress.com/,https://x.com/ChrisforCA26,99,https://www.instagram.com/espinosa.congressca26,99,https://www.tiktok.com/@espinosa.for.ca26,99,
Sam Gallucci,No,,Republican,House,26,White,Male,https://samgallucci.com/,https://x.com/votegallucci,https://www.facebook.com/VoteGallucci/,https://www.instagram.com/votegallucci,https://www.youtube.com/@Gallucci4Congress,https://www.tiktok.com/@votegallucci,99,
Liam Hernandez,No,,Democrat,House,26,Hispanic,Male,https://www.liamhernandezforcongress.com/about,https://x.com/LiamHernan50336,99,https://www.instagram.com/liamhernandezforcongressca26/,https://www.youtube.com/@liamhern,99,99,
Jacqui Irwin,No,,Democrat,House,26,White,Female,https://jacquiirwin.com/,https://x.com/@jacquiirwin,https://www.facebook.com/ElectJacquiIrwin,99,99,99,https://bsky.app/profile/irwinforcongress.bsky.social,
Sonia Kacker,No,,Democrat,House,26,Other,Female,https://drsoniaforcongress.com/,99,99,99,99,99,99,Indian
Michael Koslow,No,,Republican,House,26,White,Male,https://www.votemichaelkoslow.com/,https://x.com/koslow4congress,https://www.facebook.com/michaelkoslowforcongress/,https://www.instagram.com/mikekoslow/,https://www.youtube.com/@Koslow4Congress,99,99,
Daniel Miller,No,,Republican,House,26,Not sure,Not sure,99,99,99,99,99,99,99,
Sasan Samadzadeh,No,,Democrat,House,26,Not sure,Not sure,https://sasansamadzadeh.org/,99,99,99,99,99,99,
"William ""Bill"" Scott",No,,Republican,House,26,White,Male,https://williamscottforcongress.com/,99,https://www.facebook.com/profile.php?id=61583079467164,https://www.instagram.com/billscottforcongress/,99,https://www.tiktok.com/@billiamforcongress,99,
Jason Gibbs,No,,Republican,House,27,White,Male,https://www.jasongibbsforcongress.com/,https://x.com/JGibbs4Congress,https://www.facebook.com/jasongibbsforcongress,https://www.instagram.com/jason_gibbs_for_congress/,99,99,99,
Caleb Norwood,No,,Democrat,House,27,Black,Male,https://www.calebforca27.com/,https://x.com/CalebforCA27,https://www.facebook.com/people/Caleb-for-Congress/61588447868408/,https://www.instagram.com/calebforca27/,99,https://www.tiktok.com/@calebforca27,99,
Roberto Ramos,No,,Democrat,House,27,Not sure,Male,https://ramosca27.com/,99,99,99,99,99,99,
Peter Roybal,No,,Democrat,House,28,Not sure,Male,https://www.roybal4congress.com/,99,99,99,99,99,99,Native American?
April Verlato,No,,Republican,House,28,Not sure,Female,https://verlatoforcongress.com/,https://x.com/AprilVerlato,https://www.facebook.com/profile.php?id=61551609844120,https://www.instagram.com/AprilVerlato,99,https://www.tiktok.com/@aprilverlato,99,these seem personal but were linked on the website
Angelica Maria Duenas,No,,Democrat,House,29,Hispanic,Female,https://angelica4congress.com/,https://x.com/angelica4US,https://www.facebook.com/Angelica4CA,https://www.instagram.com/angelica4US/,https://www.youtube.com/channel/UCTK7FCywEP_RYeGoL4ZQl0g,https://www.tiktok.com/@angelica4us,99,
Rudy Melendez,No,,Republican,House,29,White,Male,99,99,99,https://www.instagram.com/rudyforcalifornia/,99,99,99,
John Armenian,No,,No Party Preference,House,30,Middle Eastern,Male,https://www.johnarmenian.com/,https://x.com/john4congress,https://www.facebook.com/johnarmenianforcongress/,https://www.instagram.com/john.armenian,99,99,99,
Dennis Feitosa,No,,Republican,House,30,White,Male,https://www.dennisforchange.com/,99,https://www.facebook.com/dennisforchange/,https://www.instagram.com/dennisforchange/,https://www.youtube.com/@dennisforchange,99,99,
Pini Herman,No,,Democrat,House,30,White,Male,https://piniforcongress.com/,99,https://www.facebook.com/profile.php?id=61581777706011,https://www.instagram.com/piniforcongress/,99,https://www.tiktok.com/@piniforcongress,99,
Joel Lava,No,,Democrat,House,30,White,Male,https://www.joellavaforcongress.com/,https://x.com/joellavatweets,https://www.facebook.com/profile.php?id=61588428357014,https://www.instagram.com/joellavaforcongress,99,99,https://bsky.app/profile/joellava.bsky.social,
Scott Alan Meyers,No,,Republican,House,30,White,Male,https://www.meyersforcongress.com/,https://x.com/ScottAMeyersLA,99,https://www.instagram.com/scottameyersla/,99,99,99,
Cameron Tennyson,No,,Democrat,House,30,White,Male,https://cameronforcongress.org/,99,https://www.facebook.com/profile.php?id=61580686822349,https://www.instagram.com/cameron.for.congress/,https://www.youtube.com/@CameronForCongress,https://www.tiktok.com/@cameronforcongress,https://bsky.app/profile/cameronforcongress.bsky.social,