CandidateName,Withdrew,Party,Office,District,Race,Gender,Website,Twitter,Facebook,Instagram,YouTube,TikTok,BlueSky,Notes
Jasmine Crockett,,D,S,,Black,F,https://www.jasmineforus.com/,https://x.com/JasmineForUS,https://www.facebook.com/jasminefor100,https://www.instagram.com/jasmineforus,https://www.youtube.com/@JasmineForUS,https://www.tiktok.com/@jasmineforus,https://bsky.app/profile/jasmineforus.bsky.social,N/A
Ahmad R. Hassan,,D,S,,Other,M,https://hassanfortexas.com/,https://x.com/HassanDr32361,99,99,99,99,99,N/A
James Talarico,,D,S,,White,M,https://jamestalarico.com/,https://x.com/jamestalarico,https://www.facebook.com/JamesTalaricoTX,https://www.instagram.com/jamestalarico,https://www.youtube.com/@JamesTalaricoTX,https://www.tiktok.com/@jamestalarico,https://bsky.app/profile/jamestalarico.bsky.social,N/A
John O. Adefope,,R,S,,Not Sure,M,99,99,99,99,99,99,99,N/A
Anna Bender,,R,S,,Black,F,https://www.annabenderforsenate.com/,99,99,99,99,99,99,N/A
Virgil John Bierschwale,,R,S,,White,M,https://vbsenate.com/,https://x.com/VBierschwale,https://www.facebook.com/people/Virgil-Bierschwale/pfbid0qu1kwiHQH5MfGWEM9tr16C8V2SwqySU6duipPV7cRYqyN6K2MHZXyU6eyRhUg7cVl/,99,99,99,99,That is his Campaign Facebook account but it's not a page.
Sara Canady,,R,S,,White,F,https://www.saraforsenate.org/,99,https://www.facebook.com/saraforsenate#,99,99,99,99,N/A
Wesley Hunt,,R,S,,Black,M,https://wesleyfortexas.com/,https://x.com/WesleyHuntTX,https://www.facebook.com/WesleyHuntTX,https://www.instagram.com/wesleyfortexas/,https://www.youtube.com/@WesleyHuntTX,https://www.tiktok.com/@wesleyhunttx,99,N/A
"Gulrez ""Gus"" Khan",,R,S,,Asian,M,https://www.gkhanforsenate.com/,https://x.com/GKHAN4SENATE,https://www.facebook.com/gkhanforcongress/,https://www.instagram.com/gulrezkhanforussenate2026/,https://www.youtube.com/@gkhanforsenate2026/videos,https://www.tiktok.com/@gkhan4senate,99,Website won't load for me but I can see it's populated with information when I look at the metadata.
Ken Paxton,,R,S,,White,M,https://www.kenpaxton.com/,https://x.com/kenpaxtontx,https://www.facebook.com/kenpaxtontx/,https://www.instagram.com/kenpaxtontx/?hl=en,https://www.youtube.com/user/KenPaxtonTX,99,99,N/A
Ted Brown,,L,S,,White,M,https://tedbrown.org/,https://x.com/TedBrownLiberty,https://www.facebook.com/tedbrowncd17/,99,99,99,99,N/A
Joshua Cain,,I,S,,Not Sure,M,99,99,99,99,99,99,99,N/A
Camencia Ford,,I,S,,Not Sure,F,99,99,99,99,99,99,99,N/A
Jade Simmons,,I,S,,Black,F,https://www.jadesimmonsforsenate.com/,99,99,99,99,https://www.tiktok.com/@jadesimmonsforsenate,99,N/A
Hans Truelson,,I,S,,White,M,https://hanstruelson.turbobuilt.com/,99,99,99,99,99,99,Policies: Benjamin Franklin was an idiot and we need to stop arresting criminals. I love politics.
Dax Alexander,,D,H,1,White,M,https://www.daxforcongress.com/,99,https://www.facebook.com/daxforcongress,https://www.instagram.com/daxforcongress.tx01/,99,99,99,N/A
Tracy Andrus,,D,H,1,Black,M,https://www.tracyandrusforuscongress.com/,https://x.com/TracyAndrus,https://www.facebook.com/tracy.andrus2,https://www.instagram.com/tandrus26/,99,99,99,That is his Campaign Facebook account but it's not a page.
Yolanda R. Prince,,D,H,1,Black,F,99,99,https://www.facebook.com/people/Yolanda-Prince-for-Congress/61585360313326/#,99,99,99,99,N/A
Masika Akilah Ray,,D,H,1,Black,F,https://www.masikaakilahray.com/,99,https://www.facebook.com/people/Masika-Akilah-Ray-for-Congress/61575084912369/,https://www.instagram.com/masikaakilah/,https://www.youtube.com/@MasikaAkilah,https://www.tiktok.com/@masikaakilah,https://bsky.app/profile/masikaakilah.bsky.social,N/A
Sonia Canchola,,I,H,1,Not Sure,F,99,99,99,99,99,99,99,N/A
Shaun Finnie,,D,H,2,White,M,https://shaunfinnieforcongress.com/,https://x.com/shaunfinnie,https://www.facebook.com/people/Shaun-Finnie-for-Congress/61577416087375/,https://www.instagram.com/shaunfinnieforcongress/,99,https://www.tiktok.com/@shaunfinnieforcongress,99,N/A
Martin Etwop,,R,H,2,Black,M,https://www.martinetwop.com/,https://x.com/MartinEtwop,https://www.facebook.com/EtwopForCongress/,https://www.instagram.com/martin_etwop/,https://www.youtube.com/@MartinEtwopForCongress,https://www.tiktok.com/@martinetwoptx2,99,N/A
Nicholas Lee Plumb,,R,H,2,White,M,https://www.nleeplumb.com/,https://x.com/PlumbNick,https://www.facebook.com/p/N-Lee-Plumb-for-Congress-61579044184646/,https://www.instagram.com/plumbfortx2/,https://www.youtube.com/channel/UCmXC1qMDQbgUzdZNQ8hVKPA,99,99,N/A
Steve Toth,,R,H,2,White,M,https://stevetothforcongress.com/,https://x.com/SteveTothTX,https://www.facebook.com/SteveTothTX,https://www.instagram.com/stevetothtx/?hl=en,https://www.youtube.com/@stevetoth8084/videos,99,99,N/A
Evan Hunt,,D,H,3,White,M,https://www.electevanhunt.com/,99,https://www.facebook.com/people/Elect-Evan-Hunt/61575035168598,https://www.instagram.com/electevanhunt,https://www.youtube.com/@electevanhunt,https://www.tiktok.com/@electevanhunt,https://bsky.app/profile/electevanhunt.bsky.social,N/A
Mark Newgent,,R,H,3,White,M,https://markforus.com/,https://x.com/mark_newgent,99,https://www.instagram.com/mark_newgent/,https://www.youtube.com/@marknewgent8428/videos,99,99,N/A
Jason Pearce,,D,H,4,White,M,https://www.pearcefortexas.com/,99,https://www.facebook.com/p/Elect-Jason-Pearce-61580869978602/,99,99,99,https://bsky.app/profile/pearcefortexas.bsky.social,N/A
Andrew L. Rubell,,D,H,4,Black,M,https://www.drdrewforcongress.com/,99,https://www.facebook.com/groups/1564106364744192,https://www.instagram.com/drrubell/,https://www.youtube.com/@andrewrubell3709,https://www.tiktok.com/@andrewrubell565,99,"That Facebook link is to a group and not to a page. You'd think Dr. Andrew L. Rubell, author of five books---all of them AI-generated---including BEN, BENJAMINE, BENJI: Master of the Autism Spectrum, would have more professionalism than that."
Don Horn,,R,H,4,Not Sure,M,https://donhorn4congress.com/,99,99,99,99,99,99,N/A
Chelsey Hockett,,D,H,5,White,F,https://chelseyhockettforcongress.com/,99,https://www.facebook.com/ChelseyHockettforCongress,https://www.instagram.com/chelseyhockettforcongress,https://www.youtube.com/@ChelseyHockettforCongress,https://www.tiktok.com/@hockettforcongress,99,N/A
Forrest Lumpkin,,D,H,5,White,M,https://www.forrestlumpkinforcongress.com/,99,99,99,99,99,99,N/A
"Ruth ""Truth"" Torres",,D,H,5,Hispanic,F,https://truthincongress.com/,https://x.com/TruthInCongress,https://www.facebook.com/TruthInCongressTX/,https://www.instagram.com/truthincongress,https://www.youtube.com/@RuthTorresTruthInCongress,https://www.tiktok.com/@truthincongress,https://bsky.app/profile/truthincongress.bsky.social,That is her Campaign Facebook account but it's not a page.
Deadra Marsh-Foy,,I,H,5,Black,F,https://deaforcongress.org/,99,99,99,99,99,99,"Foy has social media that she shares campaign material on, but it's all in the name of her nonprofit organization, so I chose not to include it."
Danny Minton,,D,H,6,White,M,https://dannyminton.com/,https://x.com/dannyminton4tx,https://www.facebook.com/people/Danny-Minton-For-Texas/61579091540344/,https://www.instagram.com/dannyminton4tx/,https://www.youtube.com/@DannyMintonforTexas,https://www.tiktok.com/@danny4ushouse,99,N/A
James Buford,,R,H,6,White,M,https://www.votebuford4congress.com/,https://x.com/jamesbu74790136,99,https://www.instagram.com/bufordforcongress/,https://www.youtube.com/@BufordForCongress,99,99,That Twitter account is his campaign account but it's private for some reason. 
Brian Stahl,,R,H,6,White,M,https://stahlfortexas.com/,https://x.com/StahlforTX_6,https://www.facebook.com/brianstahlforcongress/,https://www.instagram.com/brian_stahl_for_congress/,https://www.youtube.com/@BrianStahl-ForCongressD6,99,99,N/A
Tina Cohen,,R,H,7,White,F,https://www.tinablumcohen.com/,99,99,https://www.instagram.com/tinacohen18/,99,https://www.tiktok.com/@tinablumcohen,99,"She had a Twitter account, but she got suspended. Suspended; on Elon Musk's Twitter. Wonder what she did."
Alexander Hale,,R,H,7,White,M,https://www.halefortexas.com/,https://x.com/HaleForTexas,https://www.facebook.com/people/Alexander-Hale-for-US-Congress/61585699384483/,https://www.instagram.com/HaleForTexas,99,https://www.tiktok.com/@halefortexas,99,N/A
Alexander Z. Kalai,,R,H,7,White,M,https://kalaifortexas.com/,https://x.com/KalaiforTexas,99,https://www.instagram.com/kalaifortexas/,99,99,99,N/A
Erin M. Montgomery,,R,H,7,White,F,https://erinmontgomeryforcongress.com/,99,99,99,99,99,99,N/A
Keith Coleman,,D,H,8,Black,M,https://www.colemanfortexas.com/,https://x.com/colemanfortexas,https://www.facebook.com/colemanfortexas/,https://www.instagram.com/therealkeithcoleman,https://www.youtube.com/@colemanfortexas-j6b,https://www.tiktok.com/@keith.coleman20,99,N/A
Laura Jones,,D,H,8,White,F,https://www.laura4tx.com/,https://x.com/CongressLaura,https://www.facebook.com/LauraJonesforCongress/,https://www.instagram.com/laurajonesforcongress/,https://www.youtube.com/@laurajonesforcongress,https://www.tiktok.com/@laurajonesforcongress,99,N/A
Jay Fondren,,R,H,8,White,M,https://www.jayfondren.org/,https://x.com/JFondrenTX,https://www.facebook.com/Rolling4Jesus/,https://www.instagram.com/jfondrentx/,99,99,99,N/A
Brett Jensen,,R,H,8,White,M,https://jensenfortexas.com/,https://x.com/jensenfortexas,https://www.facebook.com/jensenfortexas,https://www.instagram.com/jensenfortexas/,https://www.youtube.com/@JensenforTexas,99,99,N/A
Stephen Long,,R,H,8,White,M,99,99,99,99,https://www.youtube.com/@stephenlong6608,99,99,N/A
Jessica Hart Steinmann,,R,H,8,White,F,https://www.jessicasteinmann.com/,https://x.com/TeamSteinmann,https://www.facebook.com/jessica.hart.52035/,https://www.instagram.com/jessicahartsteinmann,https://www.youtube.com/@JessicaSteinmannforCongress,99,99,That is her Campaign Facebook account but it's not a page. This is the frontrunner so that may pose even more of a problem than usual.
Nick Tran,,R,H,8,Asian,M,https://nicktranfortexas.com/,https://x.com/realnicktran,https://www.facebook.com/nicktranfortexas,https://www.instagram.com/nicktranfortexas/,https://www.youtube.com/@realNickTran,https://www.tiktok.com/@realnicktran,99,N/A
Deddrick T. Wilmer,,R,H,8,Black,M,https://www.wilmerfortexas.com/,https://x.com/WILMERFORTEXAS,https://www.facebook.com/people/Deddrick-T-Wilmer-For-Texas/61573941598423/?rdid=YUjhsNl1PlYyiMBL&share_url=https%3A%2F%2Fwww.facebook.com%2Fshare%2F16HxaCurPE,https://www.instagram.com/WILMERFORTEXAS,https://www.youtube.com/channel/UCMWMWGlG8G7BChlBEi7GQKA,https://www.tiktok.com/@wilmerforcongress,99,N/A
Earnest Clayton Jr.,,D,H,9,Black,M,https://www.earnestclayton.com/,99,99,https://www.instagram.com/clayton4congress/,99,99,99,N/A
Peter Filler,,D,H,9,White,M,https://peterfiller.com/,https://x.com/Peter_Filler,https://www.facebook.com/people/Peter-Filler-for-Congress-US-House-TX-District-9/61550796742484/,https://www.instagram.com/peter_filler,99,https://www.tiktok.com/@mrpeterfiller,99,N/A
Leticia Gutierrez,,D,H,9,Hispanic,F,https://www.leticiaforcongress.com/,99,https://www.facebook.com/LeticiaforCongress/,https://www.instagram.com/leticiaforcongress,99,99,99,N/A
Todd Ivey,,D,H,9,White,M,https://www.drtoddforcongress.com/,https://x.com/DrTodd4Congress,https://www.facebook.com/DrTodd4Congress,https://www.instagram.com/drtodd4congress,https://www.youtube.com/@DrTodd4Congress,99,https://bsky.app/profile/drtodd4congress.bsky.social,N/A
Marty Rocha,,D,H,9,Not Sure,M,99,99,99,99,99,99,99,N/A
Terry Virts,,D,H,9,White,M,https://www.terryvirts.com/,https://x.com/AstroTerry,https://www.facebook.com/AstroTerry,https://www.instagram.com/astro_terry/,https://www.youtube.com/@AstroTerry,99,https://bsky.app/profile/astroterry.bsky.social,"Virts was previously a candidate for Senate in this same cycle. A TikTok account from that campaign survives but hasn't been updated since he switched to District 9, so I chose not to include it."
Jaimy Blanco,,R,H,9,Hispanic,F,https://www.blancofortexas.com/,https://x.com/JaimyBlanco,https://www.facebook.com/jaimyblanco/,https://www.instagram.com/jaimyblanco,99,99,99,N/A
Briscoe Cain,,R,H,9,White,M,https://www.briscoecain.com/,https://x.com/BriscoeCain,99,99,99,https://www.tiktok.com/@briscoecain?lang=en,99,N/A
Michael A. Curran,,R,H,9,White,M,99,99,99,99,99,99,99,N/A
Alex Mealer,,R,H,9,Hispanic,F,https://alexandramealer.com/,https://x.com/AlexMealerTX,https://www.facebook.com/AlexMealerTX,https://www.instagram.com/AlexMealerTX/,https://www.youtube.com/@AlexMealerTX,99,99,N/A
Dan Mims,,R,H,9,White,M,https://www.danmimsfortexas.com/,https://x.com/Danmimsfortexas,https://www.facebook.com/DanMimsForTexas,https://www.instagram.com/danmimsfortexas,99,99,99,N/A
Crystal Dele√≥n Sarmiento,,R,H,9,Hispanic,F,https://www.crystaluscongress.com/,99,https://www.facebook.com/people/Crystal-De-Le%C3%B3n-Sarmiento-For-Congress-CD09/61581523930626/,https://www.instagram.com/crystalforcongress/,https://www.youtube.com/channel/UCIst9uY2SNQGwXAOnvcBaiQ,99,99,N/A
Steve Stockman,,R,H,9,White,M,https://www.congressmanstockman.com/,99,99,99,99,99,99,N/A
Dwayne Stovall,,R,H,9,White,M,https://dwaynestovall.com/,https://x.com/DwayneStovall,https://www.facebook.com/TexansForStovall,https://www.instagram.com/dwaynestovallforcd9,https://www.youtube.com/@dwaynestovallTX,99,99,N/A
Terry Lee Thain,,R,H,9,White,M,https://www.voteterrythain.com/,99,99,https://www.instagram.com/thain.terry/,99,https://www.tiktok.com/@user9191785586817,99,N/A
Roy Morales,,I,H,9,Hispanic,M,99,99,99,99,99,99,99,N/A
Dawn Marshall,,D,H,10,White,F,https://www.texasneedsdawn.com/,https://x.com/texasneedsdawn,https://www.facebook.com/texasneedsdawn,https://www.instagram.com/texasneedsdawn,https://www.youtube.com/@texasneedsdawn,99,https://bsky.app/profile/texasneedsdawn.bsky.social,N/A
Bernie Reyna,,D,H,10,Hispanic,M,https://tx10bernie.com/,https://x.com/tx10bernie,https://www.facebook.com/people/Bernie-Reyna-TX-10/61584454781943/,https://www.instagram.com/tx10bernie/,99,https://www.tiktok.com/@berniereynatx10,99,N/A
Caitlin Rourke,,D,H,10,White,F,https://www.caitlinrourk.com/,99,https://www.facebook.com/caitlinrourkforcongress/,https://www.instagram.com/caitlinrourk,https://www.youtube.com/channel/UCd8RuNIIxTNh3ZLWyS5d3GA,99,99,N/A
Rob Altman,,R,H,10,White,M,https://altmanfortexas.com/,https://x.com/altmanfortexas,https://www.facebook.com/altmanfortexas,https://www.instagram.com/altmanfortexas/,https://www.youtube.com/@altmanfortexas,99,99,N/A
Ben Bius,,R,H,10,White,M,https://www.ben4congress.com/,https://x.com/BenBius,https://www.facebook.com/BenBiusTX,99,99,99,99,N/A
Robert Brown,,R,H,10,White,M,https://www.brownfortexas.com/,https://x.com/brownfortx,https://www.facebook.com/people/Brown-for-Texas/61581059550284/,https://www.instagram.com/robebrown21/,99,99,99,N/A
Chris Gober,,R,H,10,White,M,https://chrisgober.com/,https://x.com/ChrisKGober,https://www.facebook.com/chrisgobertx,https://www.instagram.com/chrisgobertx/,https://www.youtube.com/@ChrisGoberforTexas,99,99,N/A
Brandon Hawbaker,,R,H,10,White,M,https://www.brandonhawbaker.com/,https://x.com/letsgobrandonh,https://www.facebook.com/people/Brandon-Hawbaker-for-Congress/61574981582229/,99,99,99,99,N/A
Jessica Karlsruher,,R,H,10,White,F,https://www.jessicakforcongress.com/,https://x.com/jesskarlsruher,https://www.facebook.com/people/Jessica-Karlsruher-for-Congress/61580651922442/,https://www.instagram.com/jessicakforcongress/,99,99,99,N/A
Kara King,X,R,H,10,White,F,https://www.karakingforcongress.com/,https://x.com/Karaforcongress,https://www.facebook.com/people/Kara-King-for-Congress/61582418788466/,https://www.instagram.com/karakingforcongress/,99,99,99,N/A
Scott Macleod,,R,H,10,White,M,https://scott4tx.com/,https://x.com/ScottMacLeodTX,https://www.facebook.com/Scott4TX/,99,99,99,99,N/A
Jenny Garcia Sharon,,R,H,10,Hispanic,F,https://jennygarciasharon.com/,https://x.com/jgs_TX,99,https://www.instagram.com/jennyforcongress,99,99,99,N/A
Jeremy Story,,R,H,10,White,M,https://ballotpedia.org/Jeremy_Story,https://x.com/jeremywstory,https://www.facebook.com/jeremy.story1/,https://www.instagram.com/Jeremywstory,99,99,99,N/A
Claire Reynolds,,D,H,11,White,F,https://www.clairereynoldsforcongress.org/,99,https://www.facebook.com/clairereynoldsforcongress#,https://www.instagram.com/clairereynoldsforcongress/,https://www.youtube.com/@clairereynoldsforcongress,99,https://bsky.app/profile/clairereynoldsforcongress.org,N/A
Pedro (Pete) Ruiz,,D,H,11,Hispanic,M,https://www.pedroruizforcd11.com/,99,https://www.facebook.com/pedroruizforcongress/,https://www.instagram.com/Pedroruizforcongress,99,99,99,N/A
Kenneth Morgan-Aguilera,,D,H,12,Mixed,M,https://kennethforcongress2026.com/about/,https://x.com/kmorganaguilera,https://www.facebook.com/kenneth.morgan.aguilera,https://www.instagram.com/kennethma4congress,https://www.youtube.com/@Kennethforcongress2026,https://www.tiktok.com/@kenmorganaguilera,99,That is his Campaign Facebook account but it's not a page.
Angela Rodriguez Prilliman,,D,H,12,Hispanic,F,https://www.helifortexas.com/,99,99,https://www.instagram.com/helifortexas,99,https://www.tiktok.com/@helifortexas,99,N/A
Mark Nair,,D,H,13,White,M,https://www.marknair.com/,https://x.com/MarkNairTX,https://www.facebook.com/MarkNairforCD13/,https://www.instagram.com/marknairtx/,99,99,99,N/A
Chasity Wedgeworth,,R,H,13,White,F,https://www.chasityfortexans.com/,99,https://www.facebook.com/ChasityforTexans,https://www.instagram.com/chasityfortexans,https://www.youtube.com/@Chasityfortexans,99,99,N/A
Thurman Bill Bartie,,D,H,14,Black,M,https://votebartie.org/,99,https://www.facebook.com/thurman.bartie/,99,99,99,99,That is his Campaign Facebook account but it's not a page.
Richard H Davis,,D,H,14,White,M,https://davisfortexas14.com/,99,https://www.facebook.com/people/Davis-for-Texas-14/61585960556062/,99,99,99,99,N/A
Konstantinos Vogiatzis,,D,H,14,White,M,https://www.konstantinosforcongress.com/,99,https://www.facebook.com/KonstantinosForCongress#,https://www.instagram.com/konstantinosforcongress/,https://www.youtube.com/@KonstantinosforCongress,99,99,N/A
Jessica Forgy,,R,H,14,White,F,https://www.jessicaforgy.com/,99,https://www.facebook.com/p/Jessica-Forgy-for-Texass-14th-Congressional-District-61574421055518/,https://www.instagram.com/jessicaforgyfor/,99,99,99,N/A
Ada Cuellar,,D,H,15,Hispanic,F,https://www.drcuellarforcongress.com/,https://x.com/drcuellartx15,https://www.facebook.com/drcuellarforcongress,https://www.instagram.com/drcuellarfortexas,https://www.youtube.com/@DrCuellarForCongress,https://www.tiktok.com/@drcuellarfortx15,https://bsky.app/profile/drcuellarfortx15.bsky.social,N/A
Bobby Pulido,,D,H,15,Hispanic,M,https://bobbypulidofortexas.com/,https://x.com/PulidoforTexas,https://www.facebook.com/bobbypulidofortexas/,https://www.instagram.com/bobbypulidofortexas/,https://www.youtube.com/channel/UCIuY2alDDxuHCuhwt18E65g,https://www.tiktok.com/@BobbyPulidoforTexas,99,N/A
Manuel J. Barraza,,R,H,16,Hispanic,M,https://barrazaforcongress.com/,99,99,99,99,99,99,N/A
Adam Bauman,,R,H,16,White,M,https://www.adambaumanforcongress.com/,99,https://www.facebook.com/p/Adam-Bauman-for-Congress-61575770233302/,https://www.instagram.com/adambaumanforcongress2026/,99,99,99,N/A
Hector Cabildo,,R,H,16,Hispanic,M,https://cabildoforcongress.com/,https://x.com/cabiforcongress,https://www.facebook.com/CabildoforCongress/,https://www.instagram.com/cabildoforcongress,https://www.youtube.com/@CabildoforCongress,99,99,N/A
Raul 'Bullet' Castaneda,,R,H,16,Hispanic,M,https://bulletraul4congress16.com/,99,https://www.facebook.com/people/Bullet-Castaneda-4-Congress/61582885089987/,https://www.instagram.com/rcbulletcongress16,99,https://www.tiktok.com/@rcbulletcongress16,99,N/A
Marcy Chavez,,R,H,16,Hispanic,F,99,99,99,99,99,99,99,N/A
Deliris 'DMB' Montanez,,R,H,16,Hispanic,F,https://dmbforelpaso.com/,https://x.com/DMBfor,https://www.facebook.com/DMBfor/,https://www.instagram.com/deemontanez/,https://www.youtube.com/@dmbdelirismontanezberrios3934/videos,99,99,N/A
Ruben Rios,,R,H,16,Hispanic,M,https://rubenriosforelpaso.com/,99,https://www.facebook.com/people/RubenRios-ForCongress/100090140031834/,https://www.instagram.com/rubenriosforcongress/,https://www.youtube.com/@RubenRiosForCongressTX16,99,99,That is his Campaign Facebook account but it's not a page.
Milah Flores,,D,H,17,Hispanic,F,https://www.milahforcongress.com/,https://x.com/Milah4Congress,https://www.facebook.com/people/Milah-Flores-for-Congress/61582107836835/,https://www.instagram.com/milahflo,99,https://www.tiktok.com/@milahforcongress,99,N/A
J Gordon Mitchell,,D,H,17,White,M,https://jgordonmitchell.com/,99,https://www.facebook.com/people/J-Gordon-Mitchell/61584674324694/#,https://www.instagram.com/j_gordon_mitchell_for_congress,https://www.youtube.com/channel/UC1poH1IxLRSg5XwpY5Zvcaw,https://www.tiktok.com/@jgordonmitchell,99,N/A
Casey Shepard,,D,H,17,Not Sure,Not Sure,99,99,99,99,99,99,99,N/A
Gretchen Brown,,D,H,18,Black,F,https://www.gretchenbrownforcongress.com/,99,https://www.facebook.com/people/Gretchen-Brown/61580224996340/,https://www.instagram.com/gretchenbrown4congress,99,99,99,That is her Campaign Facebook account but it's not a page.
Amanda Edwards,,D,H,18,Black,F,https://www.edwardsforhouston.com/,https://x.com/AKEdwardsTX,https://www.facebook.com/amandakedwardstx/,https://www.instagram.com/amandakedwardstx,https://www.youtube.com/@AKEdwardsTX,https://www.tiktok.com/@amandakedwardstx,https://bsky.app/profile/akedwardstx.bsky.social,Either Edwards or Menefee will be the incumbent following a special election for this district in March.
Christian Dashaun Menefee,,D,H,18,Black,M,https://christianmenefee.com/,https://x.com/CDMenefee,https://www.facebook.com/ChristianDMenefee/,https://www.instagram.com/CDMenefee_/#,https://www.youtube.com/@christianmenefeearchive,https://www.tiktok.com/@christianmenefee,https://bsky.app/profile/cdmenefee.bsky.social,Either Edwards or Menefee will be the incumbent following a special election for this district in March.
Elizabeth Vences,,R,H,18,Hispanic,F,99,99,99,99,99,99,99,N/A
Ronald Dwayne Whitfield,,R,H,18,Black,M,99,99,99,99,99,99,99,"He has a personal facebook page where he calls himself ""Israel's Last Prophet"". "
Kyle Rable,,D,H,19,White,M,https://www.rableforwesttexas.com/,https://x.com/rableforwesttx,https://www.facebook.com/rableforwesttexas/,https://www.instagram.com/rableforwesttexas/,99,https://www.tiktok.com/@rableforwesttexas,https://bsky.app/profile/rableforwesttexas.bsky.social,N/A
James Bob Barbee,,R,H,19,White,M,https://www.jbforcongress.net/,99,https://www.facebook.com/people/James-Barbee-Congress-District-19/61585007964742/,https://www.instagram.com/jamesbarbeedistrict19/,99,99,99,N/A
Jason Corley,,R,H,19,White,M,https://jasoncorleyfortexas.com/,99,https://www.facebook.com/corleyfortexas,https://www.instagram.com/corleyfortexas/,99,99,99,N/A
Abraham Enriquez,,R,H,19,Hispanic,M,https://abrahamenriquez.com/,https://x.com/AbrahamForTX,https://www.facebook.com/AbrahamForTX,https://www.instagram.com/abrahamfortx,99,https://www.tiktok.com/@abraham4texas,99,N/A
Donald R May,,R,H,19,White,M,https://www.donaldmayforcongress.com/,99,https://www.facebook.com/MayforTexas/,99,99,99,99,N/A
Tom Sell,,R,H,19,White,M,https://www.selltexastrue.com/,https://x.com/SellForTexas19,https://www.facebook.com/SellForTexas19/,https://www.instagram.com/sellfortexas19/,99,99,99,N/A
Matt Smith,,R,H,19,White,M,https://www.fatmattsmithforcongress.com/,99,https://www.facebook.com/people/Fat-Matt-Smith-for-US-Congress/61584207898602/,99,https://www.youtube.com/@FatMattSmithForCongress,https://www.tiktok.com/@mattsmithforcongress,99,N/A
Ryan Zink,,R,H,19,White,M,https://ryanzink.vote/,https://x.com/RyanZ4Congress,99,99,99,https://www.tiktok.com/@ryanzinkforcongress,99,N/A
John Atwood,,D,H,20,Not Sure,M,99,99,https://www.facebook.com/JohnAtwoodForCongress/,99,https://www.youtube.com/@johnatwoodforcongress,99,99,N/A
Kendra Elizabeth Wilkerson,,D,H,20,Black,F,99,99,99,https://www.instagram.com/mskendrawilkerson/,https://www.youtube.com/@kendrawilkerson8127/videos,99,99,N/A
Edgardo Baez,,R,H,20,Hispanic,M,https://www.drbaezforcongress.com/,https://x.com/ThePhDLawyer,https://www.facebook.com/people/Dr-B%C3%A1ez-For-Congress/61576306919291/,https://www.instagram.com/e.r.baez/,https://www.youtube.com/@drbaez4Congress,https://www.tiktok.com/@drbaez4congress,99,N/A
Anthony James Tristan,,I,H,20,Hispanic,M,https://tristanforcongress.com/,99,https://www.facebook.com/people/Anthony-Trist%C3%A1n/61576920046851/,https://www.instagram.com/anthonyjtristantx,99,99,99,N/A
Kristin Hook,,D,H,21,White,F,https://www.drkristinhook.org/,https://x.com/Kristin_Hook,https://www.facebook.com/HookforTexas?_rdr,https://www.instagram.com/dr.kristinhook/?utm_source=qr,99,https://www.tiktok.com/@dr.kristinhook,https://bsky.app/profile/kristinhook.bsky.social,N/A
Gary Taylor,,D,H,21,White,M,https://www.garytaylorforcongress.com/,99,https://www.facebook.com/people/Gary-Taylor-for-Congress/61577345858808/,99,99,https://www.tiktok.com/@garytaylorforcdtx21,https://bsky.app/profile/garytaylorcongress.bsky.social,N/A
Regina Vanburg,,D,H,21,White,F,https://www.reginavanburg.com/,99,https://www.facebook.com/reginavanburg.tx21/,https://www.instagram.com/ReginaVanburg.Tx21,https://www.youtube.com/@ReginaVanburg.TX21,https://www.tiktok.com/@reginavanburg,99,That is her Campaign Facebook account but it's not a page.
Daniel W. Betts,,R,H,21,White,M,https://bettsfortexas.com/,https://x.com/bettsfortexas,https://www.facebook.com/bettsfortexas,https://www.instagram.com/bettsfortexas/,https://www.youtube.com/channel/UCvN5kddPR_w6TfyVFXoR2mw,https://www.tiktok.com/@bettsfortexas,99,N/A
Jason Cahill,,R,H,21,White,M,https://cahillforcongress.org/,99,https://www.facebook.com/CahillforTexas,https://www.instagram.com/cahillfortexas/,99,99,99,N/A
Jacques Dubose,,R,H,21,White,M,https://votedubose.com/,99,99,99,99,99,99,N/A
Zeke Enriquez,,R,H,21,Hispanic,M,https://zeke4texas.com/,https://x.com/zeke4texas,99,https://www.instagram.com/zeke4texas/,https://www.youtube.com/@zeke4texas,99,99,N/A
Weston Martinez,,R,H,21,Hispanic,M,https://westonfortexas.com/,https://x.com/westonmartinez,https://www.facebook.com/WestonMartinez/,https://www.instagram.com/weston.martinez,99,https://www.tiktok.com/@westonmartinez1,99,"""Martinez attended college on a bull riding scholarship."" It's a whole other world out there."
Paul Rojas,,R,H,21,Hispanic,M,https://rojas4texas.com/,https://x.com/rojas4texas,https://www.facebook.com/people/Paul-Rojas-for-US-Congress-District-21/61581784807052/,https://www.instagram.com/rojas4texas/,https://www.youtube.com/@Rojas4Texas,https://www.tiktok.com/@rojas4texas,99,N/A
Kyle Sinclair,,R,H,21,White,M,https://www.kylefortx.com/,https://x.com/kylefor21,https://www.facebook.com/Kylefor21,https://www.instagram.com/kylefor21,https://www.youtube.com/channel/UC8kMwDXwbx4fDZEQdpTJy4Q,https://www.tiktok.com/@kylesinclairfor21,99,N/A
Heather Tessmer,,R,H,21,White,M,https://tessmerforcongress.com/,99,https://www.facebook.com/people/Heather-Tessmer-for-Congress/61581993881972/,https://www.instagram.com/heather.tessmer/,99,99,99,N/A
Mark Teixeira,,R,H,21,Hispanic,M,https://teixeiraforcongress.com/,https://x.com/teixeiramark25,https://www.facebook.com/votetexforcongress,https://www.instagram.com/texforcongress/,https://www.youtube.com/channel/UCeAM1jyk_70mU9MuCp1GlDw,99,99,N/A
"James ""Trey"" Trainor III",,R,H,21,White,M,https://www.trey4tx.com/,99,99,99,99,99,99,N/A
Peggy Mccormick Wardlaw,,R,H,21,White,F,http://votepeggy.com/,https://x.com/peggy_wardlaw,https://www.facebook.com/votepeggyforDistrict21/,https://www.instagram.com/peggywardlaw/,https://www.youtube.com/@peggywardlaw2786/,99,99,N/A
Mike Wheeler,,R,H,21,White,M,https://mikewheelerforcongress.com/,https://x.com/wheelerfortx,https://www.facebook.com/p/Michael-Wheeler-for-Congress-61558514117072/,https://www.instagram.com/michael_wheeler_texas/,https://www.youtube.com/channel/UCfVlTq1-BhdUwKVp1-Ri-vw,99,99,Not a single Stranger Things joke. Sad.
Dan McQueen,,I,H,21,White,M,https://mcqueenforcongress.com/,99,99,99,99,99,99,"His son, Travis, is also running for Congress, in the 27th. They share a website."
Chris Fernandez,,D,H,22,Hispanic,M,https://www.christxcongress.com,99,99,https://www.instagram.com/chrisfernandezforcongress/,99,99,99,"He has more campaign social media accounts, but they haven't been updated since his 2024 run, so I chose not to include them."
Sterling Gadison,,D,H,22,Not Sure,M,99,99,99,99,99,99,99,N/A
Marquette Greene-Scott,,D,H,22,Black,F,https://marquettegreenescott.com/,https://x.com/mgreenescott,https://www.facebook.com/mgreenescott,https://www.instagram.com/mgreenescott/,https://www.youtube.com/@MarquetteGreene-Scott,https://www.tiktok.com/@mgreenescott,https://bsky.app/profile/marquettegreenesc.bsky.social,N/A
"Robert ""Puga"" Thomas",,D,H,22,Black,M,https://robertforchange.com/,99,99,99,99,99,99,N/A
Pearl Vuorinen,,D,H,22,White,F,https://pearlvuorinen.com/,99,99,99,https://www.youtube.com/@PearlVuorinen,99,99,N/A
Rebecca Clark,,R,H,22,White,F,https://rebeccaclark4congress.com/,https://x.com/rclark4congress,https://www.facebook.com/rebeccaclark4congress,https://www.instagram.com/rebeccaclark4congress,99,https://www.tiktok.com/@rebeccaclark4congress,99,N/A
Trever Nehls,,R,H,22,White,M,https://www.trevernehlsforcongress.com/,https://x.com/TreverNehls,https://www.facebook.com/ColTreverNehls,https://www.instagram.com/trevernehlsforcongress/,99,99,99,N/A
Gretel Enck,,D,H,23,White,F,https://www.gretelforcongress.com/,https://x.com/gretel_enck,https://www.facebook.com/people/Gretel-For-Congress/61583172362395/,https://www.instagram.com/gretelforcongress,https://www.youtube.com/@gretelforcongress,https://www.tiktok.com/@gretelforcongress,99,N/A
Santos Limon,,D,H,23,Hispanic,M,https://santoslimonforcongress.com/,99,https://www.facebook.com/limonforcongress/,99,99,https://www.tiktok.com/@santoslimoncd23,99,"He has more campaign social media accounts, but they haven't been updated since his 2024 run, so I chose not to include them."
Bruce Richardson,,D,H,23,White,M,99,99,99,https://www.instagram.com/richardsonfortx23,99,99,99,N/A
Katy Padilla Stout,,D,H,23,Hispanic,F,https://www.katyforcongress.com/,https://x.com/Katy4Congress,https://www.facebook.com/katy4congress/,https://www.instagram.com/katy4congress/,99,https://www.tiktok.com/@katy4congress,99,N/A
Keith Barton,,R,H,23,White,M,https://www.bartonfortexas.com/,99,https://www.facebook.com/keithbartonforcongress,https://www.instagram.com/keith_barton_for_congress,99,99,99,That is his Campaign Facebook account but it's not a page.
"Francisco ""Quico"" Canseco",,R,H,23,Hispanic,M,https://canseco4congress.com/,99,99,99,99,99,99,N/A
Brandon Herrera,,R,H,23,Hispanic,M,https://brandonherreraforcongress.com/,https://x.com/TheAKGuy,https://www.facebook.com/BrandonHerreraforTexas,https://www.instagram.com/brandonherreraforcongress,99,https://www.tiktok.com/@brandonforcongress,99,N/A
Patti Ann Hale-Ashe,,I,H,23,Not Sure,F,99,99,99,99,99,99,99,N/A
Veronica Williams,,I,H,23,Hispanic,F,https://www.veronicagwilliams.com/,99,https://www.facebook.com/veronica.g.williams.26,https://www.instagram.com/veronicag.williams/,https://www.youtube.com/@veronicagwilliams2026/videos,https://www.tiktok.com/@vgw2026,99,N/A
Jon Buchwald,,D,H,24,White,M,https://citizensforjon.com/,https://x.com/jon4congress,https://www.facebook.com/buchsons,https://www.instagram.com/jon4congress2026,99,https://www.tiktok.com/@jon4congress,99,That is his Campaign Facebook account but it's not a page.
Kevin Burge,,D,H,24,White,M,https://www.burgeforcongress.com/,https://x.com/burge4congress,99,https://www.instagram.com/burge4congress/,99,https://www.tiktok.com/@burge4congress,https://bsky.app/profile/burgeforcongress.bsky.social,N/A
TJ Ware,,D,H,24,White,M,https://electtj.com/,https://x.com/therealTJWare,https://www.facebook.com/people/TJ-Ware-for-Congress/61558729404074/#,https://www.instagram.com/tjwareforcongress/,https://www.youtube.com/@TJWareForCongress,https://www.tiktok.com/@tj_ware,99,N/A
William Marks,,D,H,25,White,M,https://williammarks.com/,https://x.com/MarksforTexas,https://www.facebook.com/MarksforCongress/,https://www.instagram.com/marksforcongress,https://www.youtube.com/@MarksForCongress,https://www.tiktok.com/@MarksforCongress,99,N/A
Dione Sims,,D,H,25,Black,F,https://dionesimsforcongress.com/,https://x.com/DioneSims365,https://www.facebook.com/people/Dione-Sims-for-Congress/61586174535447/#,https://www.instagram.com/dionesimsforcongress,99,https://www.tiktok.com/@dionesimsforcongress,https://bsky.app/profile/dionesimsforcongress.com,N/A
Ernest R. Lineberger III,,D,H,26,White,M,https://www.linebergerforuscongress.com/,https://x.com/ErnestForTexas,https://www.facebook.com/LinebergerforCongress/,https://www.instagram.com/linebergerforuscongress/,https://www.youtube.com/@LinebergerforUSCongress,https://www.tiktok.com/@ernestlineberger,https://bsky.app/profile/ernestforcongress.bsky.social,N/A
Steven Shook,,D,H,26,White,M,https://shookforcongress2026.com/,99,https://www.facebook.com/people/Steven-Shook-for-Congress-2026/61581168892730/,https://www.instagram.com/shook_for_congress/,99,https://www.tiktok.com/@shook4tx26,99,N/A
Robert A. Chick,,R,H,26,White,M,https://www.stickwithchick.org/,99,99,https://www.instagram.com/stickwithchick/,99,99,99,N/A
"""Stock"" Castro-Mendoza",,D,H,27,Hispanic,M,https://stockforcongress.com/,99,https://www.facebook.com/people/Eustaquio-Stock-Castro-Mendoza-for-Congress-TX-27/61583966494998/,https://www.instagram.com/stockforcongress/,https://www.youtube.com/@StockforCongress,99,99,N/A
Tanya Lloyd,,D,H,27,White,F,https://www.tanyafortexas.com/,https://x.com/TanyaforTexas,https://www.facebook.com/TanyaForTexas,https://www.instagram.com/tanyafortexas/,https://www.youtube.com/@tanyafortexas,https://www.tiktok.com/@tanyafortexas.com,https://bsky.app/profile/tanyafortexas.bsky.social,N/A
Wayne Raasch,,D,H,27,White,M,99,99,99,https://www.instagram.com/wayneraasch5081/,https://www.youtube.com/channel/UC-zZ55oQY-wXJvHw8FVCdBA,https://www.tiktok.com/@wayne0753,99,"He has more campaign social media accounts, but they haven't been updated since his 2024 run, so I chose not to include them. Also his social media presence is insane."
Chris Hatley,,R,H,27,White,M,https://hatleyforcongress.com/,https://x.com/hatley4congress,https://www.facebook.com/HatleyForCongress,99,99,99,99,N/A
Dan McQueen,,I,H,27,White,M,https://mcqueenforcongress.com/,99,99,99,99,99,99,I'm so confused. McQueen is running in the 21st. His website says that his son Travis is running in this district. But..... Travis hasn't filed to run in the 27th? His dad filed to run in both districts? I'm gonna crash out.
Andrew Vantine,,D,H,28,White,M,https://andrewvantine.org/,99,https://www.facebook.com/andrewvantineforcongress/,https://www.instagram.com/andrewvantineforcongress/,99,https://www.tiktok.com/@andrewvantine0,99,N/A
Ricardo Villarreal,,D,H,28,Hispanic,M,https://www.votericardovillarreal.com/,https://x.com/RVillarrealMD,https://www.facebook.com/people/Ricardo-Villarreal-for-Texas-Congressional-District-28/61584700389949/,99,99,99,99,N/A
Eileen Day,,R,H,28,White,F,https://www.eileendayforcongress.com/,https://x.com/edayforcongress,https://www.facebook.com/eileendayforcongress,99,99,99,99,First ever entirely-AI generated campaign. I'm terrified.
Tano E. Tijerina,,R,H,28,Hispanic,M,https://www.tanoforcongress.com/,https://x.com/JudgeTano,99,https://www.instagram.com/judgetano/,99,https://www.tiktok.com/@webb.county.judge,99,N/A
Adriel Ventura Lopez,,I,H,28,Hispanic,M,https://adrielforcongress.org/,99,99,https://www.instagram.com/adrielforcongress/,99,99,99,N/A
Jarvis D. Johnson,,D,H,29,Black,M,https://jarvisjohnsonforus.com/,99,99,https://www.instagram.com/repjarvisjohnson,99,99,99,N/A
Robert Slater,,D,H,29,Black,M,https://www.standwithslater.com/,99,https://www.facebook.com/standwithslater,https://www.instagram.com/standwithslater/,99,https://www.tiktok.com/@standwithslater,99,"He was previously a candidate for the 18th in this same cycle. A Twitter account from that campaign survives but hasn't been updated since he switched to District 29, so I chose not to include it."
Martha Fierro,,R,H,29,Hispanic,F,https://www.fierroforcongress.com/,99,https://www.facebook.com/FierroforTexas/,https://www.instagram.com/fierroforcongress,99,https://www.tiktok.com/@fierroforcongress,99,N/A
Barbara Mallory Caraway,,D,H,30,Black,F,https://barbaraforcongress.com/,99,https://www.facebook.com/BMalloryCaraway/,99,99,99,99,"She has more campaign social media accounts, but they haven't been updated since her 2020 run, so I chose not to include them."
Frederick D. Haynes III,,D,H,30,Black,M,https://www.haynesforcongress.com/,99,https://www.facebook.com/people/Haynes-For-Congress/61586383132511/,https://www.instagram.com/haynesforcongress,99,https://www.tiktok.com/@haynesforcongress,99,N/A
Rodney Labruce,,D,H,30,Black,M,https://labruceforcongress.com/,https://x.com/LaB4congress,https://www.facebook.com/labruceforcongress,https://www.instagram.com/rl4congress/,https://www.youtube.com/@LaBruceforCongress,https://www.tiktok.com/@labruceforcongress,99,N/A
Sholdon Daniels,,R,H,30,Black,M,https://www.danielsforus.com/,https://x.com/sholdondaniels,https://www.facebook.com/people/Sholdon-Daniels-For-Congress/61568654067848/,https://www.instagram.com/sholdon.daniels,99,https://www.tiktok.com/@sholdondaniels,99,"He posts campaign material on YouTube, but it's under the ""Sholdon Daniels Show"" banner and not a personal campaign account, so I chose not to include it."
Gregorio H. Heise,,R,H,30,Hispanic,M,https://gregorioforcongress.com/,https://x.com/GregorHeise,https://www.facebook.com/GregorioForCongress#,99,99,https://www.tiktok.com/@heise.for.congres,99,N/A
Everett Jackson,,R,H,30,Black,M,https://jacksonfortexas.com/,https://x.com/Jackson4Texas,https://www.facebook.com/everett.p.jackson/,https://www.instagram.com/jackson4texas/,99,99,99,That is his Campaign Facebook account but it's not a page.
Nils B. Walker,,R,H,30,White,M,https://www.walker4tx30.com/,https://x.com/Walker4Texas30,https://www.facebook.com/walker4tx30/,https://www.instagram.com/walker4tx30/,https://www.youtube.com/@Walker4TX30,https://www.tiktok.com/@walker4tx30,99,N/A
Oxford Christian Nordberg,,I,H,30,White,M,https://oxforcongress.com/,https://x.com/OxForCongress,99,https://www.instagram.com/oxforcongress/,https://www.youtube.com/@oxforcongress,99,99,N/A
Justin Early,,D,H,31,Black,M,https://www.votejustinearly.com/,https://x.com/votejustinearly,https://www.facebook.com/votejustinearly,https://www.instagram.com/votejustinearly,https://www.youtube.com/@VoteJustinEarly,https://www.tiktok.com/@votejustinearly,https://bsky.app/profile/votejustinearly.bsky.social,
Stuart Whitlow,,D,H,31,White,M,https://www.whitlowforcongress.com/,https://x.com/stuartwhitlow31,https://www.facebook.com/WhitlowForCongress/#,https://www.instagram.com/stuartwhitlow31,99,https://www.tiktok.com/@whitlowforcongress,99,"He has more campaign social media accounts, but they haven't been updated since his 2024 run, so I chose not to include them."
William Abel,,R,H,31,White,M,https://abel4congress.com/,https://x.com/Abel_tx31,https://www.facebook.com/people/William-Abel-for-Congress-TX-31/61582089112694/,https://www.instagram.com/william.abel.tx31/,https://www.youtube.com/@WilliamAbel-TX31/,https://www.tiktok.com/@abel_tx31,99,N/A
David L. Berry,,R,H,31,White,M,https://drberryforcongress.com/,https://x.com/DrBerryforTX,https://www.facebook.com/DrBerryforTX,https://www.instagram.com/drberryfortx/,99,99,99,N/A
"Steven ""Steve"" Dowell",,R,H,31,White,M,https://stevendowell.com/,99,https://www.facebook.com/people/Steve-Dowell-for-Congress/61580009274380/,https://www.instagram.com/majorstevedowell,https://www.youtube.com/channel/UCIdVwVaR1NxfceDxMvyBibA,99,99,N/A
Ed Ewald,,R,H,31,Not Sure,M,99,99,99,99,99,99,99,N/A
Abhiram Garapati,,R,H,31,Asian,M,https://www.garapatifortexas.com/,https://x.com/abhiramgarapat2,https://www.facebook.com/GarapatiForTexas/,https://www.instagram.com/garapatiabhiram/,99,99,99,N/A
Valentina Gomez,,R,H,31,Hispanic,F,https://www.valentinaforcongress.com/,https://x.com/ValentinaForUSA,https://www.facebook.com/people/Valentina-For-Congress/61581279904430/,https://www.instagram.com/valentinaforcongress/,https://www.youtube.com/@ValentinaGomezUSA,https://www.tiktok.com/@valentinaforcongress,99,"Campaign Goals: Pro-Life, Second Amendment, and... ""Become the best stock trader in history and post trades on X""?"
Raymond Hamden,,R,H,31,White,M,https://www.raymondfortexas.com/,99,https://www.facebook.com/people/Raymond-Hamden-for-US-Congress/61568264841276/,99,99,99,99,N/A
Elvis Lossa,,R,H,31,Hispanic,M,https://www.elvisforcongress.com/,https://x.com/elvisfortx31,https://www.facebook.com/people/Elvis-Lossa-for-Congress-TX-31/61584903837276/,https://www.instagram.com/elvisforcongress,99,https://www.tiktok.com/@elvis.for.congress,99,N/A
Offer Vince Shlomi,,R,H,31,White,M,https://www.shamwowguy.com/,https://x.com/RealShamwowGuy,https://www.facebook.com/shamwow/,https://www.instagram.com/vinceoffer,99,https://www.tiktok.com/@RealShamwowGuy,,"That is his Campaign Facebook account but it's not a page. And yes, he is the Shamwow guy."
Dan Barrios,,D,H,32,White,M,https://www.danbarriosforcongress.com/,https://x.com/barriosforus,https://www.facebook.com/DanBarriosForCongress,https://www.instagram.com/danbarriosforcongress,99,https://www.tiktok.com/@danbarriosforcongress,99,N/A
Anthony Bridges,,D,H,32,Black,M,https://www.anthonybridges.org/,99,99,https://www.instagram.com/abridges_tx32/,99,https://www.tiktok.com/@bridgesforcongress,https://bsky.app/profile/bridgesforcongress.bsky.social,N/A
Ryan Binkley,,R,H,32,White,M,https://binkleyforcongress.com/,https://x.com/ryanbinkley,https://www.facebook.com/BinkleyForCongress,https://www.instagram.com/ryanlbinkley,https://www.youtube.com/@binkleyforcongress,99,99,N/A
Paul L. Bondar,,R,H,32,White,M,https://www.electbondar.com/,https://x.com/ElectBondar/,https://www.facebook.com/people/Elect-Paul-L-Bondar/61558764012570/,https://www.instagram.com/realpaulbondar/,https://www.youtube.com/@paulbondarTX,99,99,N/A
Aimme Carrassco,,R,H,32,White,F,https://www.aimeeforcongress.com/,https://x.com/aimeecarrascotx,https://www.facebook.com/AimeeCarrascoForCongress,https://www.instagram.com/p/Cu_JepvsrDB/,99,99,99,N/A
Darrell Day,,R,H,32,White,M,https://dayfortexas.com/,https://x.com/dayfortexas,https://www.facebook.com/DayforTexas/,https://www.instagram.com/darrelldayforcongress,99,https://www.tiktok.com/@darrelldayforcongress,99,N/A
Gordon Heslop,,R,H,32,Not Sure,M,99,99,99,99,99,99,99,N/A
Monty Montanez,,R,H,32,Hispanic,M,https://www.montyforcongress.com/,https://x.com/montyfortx32?s=21,https://www.facebook.com/p/Monty-Monta%C3%B1ez-Candidate-for-US-Representative-Texas-32-61575107297958/?_rdr,https://www.instagram.com/montyforcongress,99,https://www.tiktok.com/@montyforcongress,99,N/A
Abteen Vaziri,,R,H,32,Other,M,https://www.abteenvaziri.com/,https://x.com/AbteenVaziriTX,99,https://www.instagram.com/abteenvaziri/,99,99,99,N/A
James Ussery,,R,H,32,White,M,https://www.jamesusseryforcongress.com/,99,https://www.facebook.com/people/James-Ussery-for-US-House-of-Representatives-Texas-CD-32/61581290377137/,99,99,99,99,N/A
Jace Yarbrough,,R,H,32,White,M,https://www.jaceforcongress.com/,https://x.com/JaceYarbrough,https://www.facebook.com/JaceForCongress/,https://www.instagram.com/jaceyarbrough/,https://www.youtube.com/@JaceForCongress,99,99,N/A
Charles M. Harper,,I,H,32,Black,M,99,99,99,99,https://www.youtube.com/@CharlesHarperTX32,99,99,N/A
Colin Allred,,D,H,33,Black,M,https://colinallred.com/,https://x.com/ColinAllredTX,https://www.facebook.com/ColinAllredTX,https://www.instagram.com/colinallred/,https://www.youtube.com/@colinallredTX,https://www.tiktok.com/@colinallredtx,https://bsky.app/profile/colinallredtx.bsky.social,N/A
Zeeshan Hafeez,,D,H,33,Other,M,https://www.zeeshanfortexas.com/,https://x.com/zeeshanfortexas,https://www.facebook.com/ZeeshanForTexas/,https://www.instagram.com/zeeshanfortexas,https://www.youtube.com/@zeeshanfortexas,https://www.tiktok.com/@zeeshanfortexas,https://bsky.app/profile/zeeshanfortexas.bsky.social,N/A
Carlos Quintanilla,,D,H,33,Hispanic,M,https://quintanillaforcongress.com/,https://x.com/accionamerica,https://www.facebook.com/CarlosQuintanillaforCongress/,https://www.instagram.com/carlosquintanillaofficial/?hl=en,99,https://www.tiktok.com/@carlosquintanilla33,99,N/A
Patrick David Gillespie,,R,H,33,White,M,https://patrickgillespie4congress33.com/,99,99,99,99,99,99,N/A
"Monte ""Doc"" Mitchell",,R,H,33,White,M,99,99,https://www.facebook.com/monte.mitchell.35,99,99,99,99,That is his Campaign Facebook account but it's not a page.
Kurt Schwab,,R,H,33,White,M,https://kurtschwab4congress.com/,99,99,https://www.instagram.com/kurtschwab4congress/,99,https://www.tiktok.com/@kurtschwab4texas,99,N/A
John Sims,,R,H,33,White,M,https://www.votejohnsims.com/,99,https://www.facebook.com/JohnforDistrict3/,99,99,99,99,N/A
Etienne Rosas,,D,H,34,Hispanic,M,https://www.rosasforcongress.com/,https://x.com/etiennerosas,https://www.facebook.com/RosasforCongress,https://www.instagram.com/etiennerev,https://www.youtube.com/@RosasforCongress,https://www.tiktok.com/@etiennerosas,99,N/A
Keith Allen,,R,H,34,White,M,https://keithallen4congress.com/,https://x.com/KAllen4Congress,https://www.facebook.com/people/Keith-Allen/100004764194940/,https://www.instagram.com/kallen4congress/,99,99,99,That is his Campaign Facebook account but it's not a page.
Luis Buentello,,R,H,34,Hispanic,M,https://electluis.com/,99,https://www.facebook.com/Luis4Congress,https://www.instagram.com/luis4congress/,99,https://www.tiktok.com/@luisforcongress,99,N/A
Eric Flores,,R,H,34,Hispanic,M,https://www.ericflores.com/,https://x.com/EricDFloress,https://www.facebook.com/people/Eric-Flores-for-Congress/61578310026781/,https://www.instagram.com/eric4texas/,https://www.youtube.com/@EricFloresforCongress,99,99,N/A
Mayra Flores,,R,H,34,Hispanic,F,https://www.mayrafloresforcongress.com/,https://x.com/MayraFlores4TX,https://www.facebook.com/mayrafloresforcongress,https://www.instagram.com/mayrafloresforcongress/,99,https://www.tiktok.com/@mayraflorestx,99,N/A
Fred Hinojosa,X,R,H,34,Hispanic,M,https://www.fredhinojosaforcongress.com/,https://x.com/FredForTexas,https://www.facebook.com/HinojosaForCongress#,https://www.instagram.com/fredhinojosaforcongress/,99,99,99,N/A
Gregory Scott Kunkle Jr.,,R,H,34,Hispanic,M,https://gregorykunkle.com/,https://x.com/GregoryKunkleJr,https://www.facebook.com/kunkleforcongress/,https://www.instagram.com/kunkleforcongresstx34/,https://www.youtube.com/channel/UCaf1hQMRYgS2QvMnk9tp8lA,https://www.tiktok.com/@kunkleforcongress,99,N/A
Scott Mandel,X,R,H,34,Hispanic,M,https://www.mandelfortexas.com/,https://x.com/MandelForTexas,https://www.facebook.com/MandelForTexas,https://www.instagram.com/MandelForTexas,99,99,99,N/A
Jay Nagy,X,R,H,34,Hispanic,M,99,https://x.com/JayNagy,https://www.facebook.com/people/Jay-Nagy-For-Congress/61582735707267/,https://www.instagram.com/jaynagyforcongress/,https://www.youtube.com/@JayNagyForCongress,99,99,"He had other campaign accounts, but they've already been deactivated."
Maureen Galindo,,D,H,35,White,F,https://www.maureenforuscongress.com/,99,https://www.facebook.com/people/Maureen-Galindo-for-Congress/61573407777184/,https://www.instagram.com/maureenforcongress,99,https://www.tiktok.com/@maureen_satx,99,N/A
Johnny C. Garcia,,D,H,35,Hispanic,M,https://www.votejohnnygarcia.com/,https://x.com/johnnygarciatx,https://www.facebook.com/Johnnygarciaforcongress,https://www.instagram.com/johnnygarciaforcongress/,99,https://www.tiktok.com/@johnnygarciaforcongress,99,N/A
John Lira,,D,H,35,Hispanic,M,https://www.liraforcongress.com/,https://x.com/liraforcongress,https://www.facebook.com/liraforcongress,https://www.instagram.com/liraforcongress/,https://www.youtube.com/@liraforcongress,https://www.tiktok.com/@liraforcongress,https://bsky.app/profile/liraforcongress.bsky.social,N/A
Whitney Masterson-Moyes,,D,H,35,White,F,https://whitneyfortexas.com/,https://x.com/whitney4texas,https://www.facebook.com/people/Whitney-for-Texas/61577262930979/,https://www.instagram.com/whitneyfortexas/,99,https://www.tiktok.com/@whitneyfortexas,99,N/A
Randy Adams,,R,H,35,White,M,https://www.randyadamsforcongress.com/,https://x.com/RandyAdamsTX35,https://www.facebook.com/RandyAdamsforCongress,https://www.instagram.com/RandyAdamsTX35,https://www.youtube.com/@RandyAdamsTX35,https://www.tiktok.com/@randyadamstx35,99,N/A
Josh Cortez,,R,H,35,Hispanic,M,https://joshcortez.com/,https://x.com/JoshCortezTX,https://www.facebook.com/CortezForCongress,https://www.instagram.com/CortezForCongress,https://www.youtube.com/@CortezForCongress,99,99,N/A
Carlos De La Cruz,,R,H,35,Hispanic,M,https://www.carlosforcongress.com/,https://x.com/CarlosForTexas,https://www.facebook.com/CarlosForTexas/,https://www.instagram.com/carlosforcongress/,https://www.youtube.com/channel/UC-o_r8iz5vmG-0LhsAGygyQ,99,99,N/A
Mark Eberwine,,R,H,35,Not Sure,M,99,99,99,99,99,99,99,N/A
Jay Furman,,R,H,35,White,M,https://commanderfurman.com/,https://x.com/commanderfurman,https://www.facebook.com/CommanderJayFurman,https://www.instagram.com/CommanderFurman,https://www.youtube.com/@CommanderFurman,99,99,N/A
Vanessa Hicks-Callaway,,R,H,35,Black,F,https://www.callawayforcongress.com/,99,99,99,99,99,99,N/A
Ryan Krause,,R,H,35,White,M,https://www.ryankrauseforcongress.com/,99,https://www.facebook.com/krause4congress,99,https://www.youtube.com/@RyanKrauseforCongress,99,99,N/A
Larry La Rose,,R,H,35,Hispanic,M,https://larrylaroseforcongress.com/,https://x.com/larrylarose13,https://www.facebook.com/larry.la.rose.2025/,https://www.instagram.com/larrylarose777/,99,99,99,That is his Campaign Facebook account but it's not a page.
Rod Lingsch,,R,H,35,White,M,https://uscf.life/am/,https://x.com/Rod4Congress,https://www.facebook.com/RodLingsch4Congress/,99,https://www.youtube.com/@Rod4Congress,99,99,N/A
John Lujan,,R,H,35,Hispanic,M,https://www.votelujan.com/,https://x.com/LujanForTX,https://www.facebook.com/VoteLujan/,https://www.instagram.com/votelujan/,https://www.youtube.com/channel/UC2E61KDiKQWKf_WYYpXarrg,99,99,N/A
Steven Wright,,R,H,35,White,M,https://www.stevewrightfortx35.com/,https://x.com/SteveWrightCD35,https://www.facebook.com/stevewrightfortx35,https://www.instagram.com/steve_wright_for_tx_35/,99,https://www.tiktok.com/@steven.wright.for,99,N/A
Rhonda Hart,,D,H,36,White,F,https://www.hart4congress.com/,99,99,99,99,99,99,"She has more campaign social media accounts, but they haven't been updated since her 2024 run, so I chose not to include them."
Doug Alan Rogers,,D,H,36,White,M,https://dougrogersfortexas.com/,99,https://www.facebook.com/people/Doug-Rogers-for-Texas/61584081807411/,https://www.instagram.com/dougrogersfortexas/,https://www.youtube.com/channel/UChMLvddqPsfcLE_4_oHPnPQ,99,99,N/A
Jonathan Pipeliner Mitchell,,R,H,36,White,M,https://www.mitchellfortx.com/,https://x.com/JMitchellforTX,https://www.facebook.com/JonathanMitchellforCongress#,99,99,99,99,"He loves pipelining so much that on the ballot his middle name is listed as ""Pipeliner."""
Esther De Jesus Fleharty,,D,H,37,Hispanic,F,https://www.flehartyforcongress.com/,99,99,https://www.instagram.com/esther_for_congress/,99,https://www.tiktok.com/@estherforcongress37,99,N/A
Ge'Nell Gary,,R,H,37,Black,F,https://genellgary.com/,https://x.com/Garyfortx37,https://www.facebook.com/Garyfortx37,https://www.instagram.com/ggaryfortx37/,https://www.youtube.com/@GaryForTX37,99,99,N/A
Janet Malzahn,,R,H,37,White,F,https://www.janet4congress.com/,https://x.com/Janet4congress,https://www.facebook.com/people/Janet4Congress/61585999425330/,99,99,99,99,N/A
Lauren B. Pe√±a,,R,H,37,Hispanic,F,https://www.lauren4congress.com/,https://x.com/pena4ATX,https://www.facebook.com/lauren.b.pena,https://www.instagram.com/laurenbpena/,99,https://www.tiktok.com/@lauren4congress,99,That is her Campaign Facebook account but it's not a page.
James Kinney,,I,H,37,Not Sure,I,99,99,99,99,99,99,99,N/A
Theresa Courts,,D,H,38,White,F,https://www.courtsforcongress.com/,99,https://www.facebook.com/p/Theresa-Courts-for-Congress-61580420820668/,https://www.instagram.com/theresacourtsforcongress/,99,https://www.tiktok.com/@courts.for.congre,99,N/A
Marvalette Hunter,,D,H,38,Black,F,https://www.marvalettehunter.com/,https://x.com/Hunter4Congress,https://www.facebook.com/Hunter4Congress/,https://www.instagram.com/hunter4congress/,https://www.youtube.com/@MarvaletteHunterCampaign,99,99,N/A
Melissa McDonough,,D,H,38,White,F,https://melissaforcongress.com/,99,https://www.facebook.com/MelissaForCD38,https://www.instagram.com/melissaforcd38/,https://www.youtube.com/@MelissaMcDonough-u4h,https://www.tiktok.com/@melissamcdonoughtxcd38,https://bsky.app/profile/melissamcdonough.bsky.social,N/A
Avery Ayers,,R,H,38,Black,M,https://ayers4.us/,https://x.com/averycampaign,99,https://www.instagram.com/averylayers,https://www.youtube.com/@AyersCampaign,99,99,N/A
Jon Bonck,,R,H,38,White,M,https://www.jonbonck.com/,https://x.com/TeamBonck,https://www.facebook.com/JonBonckTX/,https://www.instagram.com/teambonck/,https://www.youtube.com/@JonBonckForCongress,99,99,That is his Campaign Facebook account but it's not a page.
Shelly DeZevallos,,R,H,38,White,F,https://shellyforcongress.com/,https://x.com/ShellydeZev,https://www.facebook.com/ShellyForCongress/?rdid=mDfGGTKp5rz3dZXK,99,https://www.youtube.com/channel/UCLo-kZ4E4Owpe3C_5TGNOhg,99,99,N/A
Craig Goralski,,R,H,38,White,M,https://www.craigforthe38th.org/,https://x.com/CraigforTX38,https://www.facebook.com/people/CraigforCongress-Goralski/pfbid0G69ZrzDUbr5URuiuv1aLzYGrv1UwgLaDhjqk8qnAaagPjRUEh8p5XDCzQ9vDhSYBl/,https://www.instagram.com/craig_for_congress_tx38/,99,99,99,That is his Campaign Facebook account but it's not a page.
Barrett McNabb,,R,H,38,White,M,https://www.barrettmcnabb.com/,https://x.com/BarrettMcNabbTX,https://www.facebook.com/BarrettMcNabbforTexas/,https://www.instagram.com/barrettmcnabb/,https://www.youtube.com/@BarrettMcNabbforTexas/,99,99,N/A
Carmen Maria Montiel,,R,H,38,Hispanic,F,https://carmen4congress.com/,https://x.com/carmen4congress,https://www.facebook.com/CarmenForCongress,https://www.instagram.com/carmen4congress/,99,https://www.tiktok.com/@carmenmariamontie,99,She seems to be under the impression she's running in the 18th when she's not.
Michael Pratt,,R,H,38,White,M,https://www.prattfortexas.com/,https://x.com/pratt_michael,99,https://www.instagram.com/dr.michaelpratt,99,99,99,N/A
Larry Rubin,,R,H,38,White,M,https://larryrubinforcongress.com/,https://x.com/lrubin,https://www.facebook.com/larryrubinforcongress/,https://www.instagram.com/larryrubinforcongress/,https://www.youtube.com/@larryrubinforcongress,https://www.tiktok.com/@larryrubinforcongress,99,N/A
Jennifer Sundt,,R,H,38,White,F,99,99,99,99,99,99,99,N/A
Jeff Yuna,,R,H,38,White,M,https://www.jeffyunafortexas.com/,https://x.com/JeffYunaforTX/,https://www.facebook.com/jeffyunafortx/,https://www.instagram.com/jeffyunafortx/,99,99,99,That is his Campaign Facebook account but it's not a page.
William M. Taggart IV,,I,H,38,White,M,https://williamtaggart.org/,https://x.com/wmtaggart4,99,99,99,99,99,N/A